component,pack,base,gender,large_source,zoomed_source,installed_large,installed_sidebar,sha256_large,sha256_sidebar
main,Warriors,x!#f00,2,PortraitsWarriors/L/x!#f00L.bmp,PortraitsWarriors/M_zoomed/x!#f00M.bmp,x!#f00L.bmp,x!#f00M.bmp,0ed11445a31e5e9b9bf3970984d08966f828f4b747ea278351b2631a5fdd09bb,29615b97847d9b69600632c2aa3ba0c28d61f0f328c0697157d5c05fda39e7e2
main,Warriors,x!#f20,2,PortraitsWarriors/L/x!#f20L.bmp,PortraitsWarriors/M_zoomed/x!#f20M.bmp,x!#f20L.bmp,x!#f20M.bmp,d1c6e8ef3019cef68999ff61e9a2e0ca2d5a9ccad17cd11ba9e9a6d1750e4c45,d001c12a7f1614e9ad18c1736d3eb26772f82ede5de788d59044eca0071af523
main,Warriors,x!#f22,2,PortraitsWarriors/L/x!#f22L.bmp,PortraitsWarriors/M_zoomed/x!#f22M.bmp,x!#f22L.bmp,x!#f22M.bmp,0995f8f34c2ad94cb1ad8f4e88333f0a93d9fe912f0d6095cec42ef245450a81,c89c740420587e09444555a1960c7bb40ab8eb931876e03e92ec8f8e31058d50
main,Warriors,x!!f08,1,PortraitsWarriors/L/x!!f08L.bmp,PortraitsWarriors/M_zoomed/x!!f08M.bmp,x!!f08L.bmp,x!!f08M.bmp,48c0c2f08dabc0ad474df47dc33b17dc5547900b1d060d3b5bcdef7876be8c07,9093f0f14c4e71d9a5fb961b6d8aa9e331851f56140e1bfbcff02c80df6813c1
main,Warriors,x!!f10,1,PortraitsWarriors/L/x!!f10L.bmp,PortraitsWarriors/M_zoomed/x!!f10M.bmp,x!!f10L.bmp,x!!f10M.bmp,d7a6c05eefcfe6535aeb3bbe757c4f981796cf2c525961eef5bb7bec47e95125,707e272353b8cca532738dac1187f1a467d778f2ed0c684a66e5351f2c9a8e9d
main,Warriors,x!!f20,1,PortraitsWarriors/L/x!!f20L.bmp,PortraitsWarriors/M_zoomed/x!!f20M.bmp,x!!f20L.bmp,x!!f20M.bmp,33274c70b9cf577c147bf0a488e8e2c0ae48a124512a89d17ee2bc396c6251a8,8ee35621e2317b76dabbffd9fd6a7ec775b10fee702a181dfd063b9c2cf48f10
main,Warriors,x!!f22,1,PortraitsWarriors/L/x!!f22L.bmp,PortraitsWarriors/M_zoomed/x!!f22M.bmp,x!!f22L.bmp,x!!f22M.bmp,c1c3a16ef09895f5f460f4b4d7745033ac945020b224c84bb782d1c3c8a5f12e,ce3895c9b061bf59d3b1bcee41e8b158a414df53c33ca9b9d22ba1735a25ed9f
main,Warriors,x!!f28,1,PortraitsWarriors/L/x!!f28L.bmp,PortraitsWarriors/M_zoomed/x!!f28M.bmp,x!!f28L.bmp,x!!f28M.bmp,93ea654d5c5de81148975b5275083902e5e2c0697ce1734be1cef91c40103e08,6e8e8f728df69b3e04398af45b339fdeea4e18eaddb02fe25f710c8b926da2fe
main,Warriors,x!#f50,2,PortraitsWarriors/L/x!#f50L.bmp,PortraitsWarriors/M_zoomed/x!#f50M.bmp,x!#f50L.bmp,x!#f50M.bmp,5b61214d13ee6e770bc115c3d85b64ca15a55ffe3d4852ead28fab6f45d22a8f,eb3ea619417bfae84fd94e18c3c36d86ddf2aba58aa8c802d5bbd4af613102fd
main,Warriors,x!#f52,2,PortraitsWarriors/L/x!#f52L.bmp,PortraitsWarriors/M_zoomed/x!#f52M.bmp,x!#f52L.bmp,x!#f52M.bmp,adeb19ac9f15beff4510794c5f0aaca1c36c775c161c5c2e0f786812e3a1aaec,908bdd7e513823581ada9e29a7963f863a5d2c1e0cfb221a637187636f9525a2
main,Warriors,x!#f60,2,PortraitsWarriors/L/x!#f60L.bmp,PortraitsWarriors/M_zoomed/x!#f60M.bmp,x!#f60L.bmp,x!#f60M.bmp,743de50f0079d472d5be175ec0e5081286729a7194552d794f01bea261b00654,01de45e11c3bb4e4190b63e34c3e9c2086a5c7403075e4e9fd0163d45e98eb9e
main,Warriors,x!#f62,2,PortraitsWarriors/L/x!#f62L.bmp,PortraitsWarriors/M_zoomed/x!#f62M.bmp,x!#f62L.bmp,x!#f62M.bmp,d7221f9a4c447c5e3483b316781e344ecfc51bcfa75fdd0e42f4c5431ca434bd,583985b9004d18065d8310de008b963445737c52c73693b26c3f1b4bb218d9ae
main,Warriors,x!!f72,1,PortraitsWarriors/L/x!!f72L.bmp,PortraitsWarriors/M_zoomed/x!!f72M.bmp,x!!f72L.bmp,x!!f72M.bmp,07676075b1c516c33aaa98948cbf93076064aa1ba1eb52b8edc81d538e89a5b1,7d16c74551b93c57b2cdb55be16199ce43ce69d06e54be803f797ca6a4b4c8b6
main,Warriors,x!!f74,1,PortraitsWarriors/L/x!!f74L.bmp,PortraitsWarriors/M_zoomed/x!!f74M.bmp,x!!f74L.bmp,x!!f74M.bmp,0a42f211ad94cce5c71f57af7a2c51dd02882e78591d89ac30288badecbfe419,1f8ac9fa8db4558b2987b9ad4942d7b7ee1ce832655b50b7b0605f5c02bf6758
main,Warriors,x!!f76,1,PortraitsWarriors/L/x!!f76L.bmp,PortraitsWarriors/M_zoomed/x!!f76M.bmp,x!!f76L.bmp,x!!f76M.bmp,6cd0ff1057cd1db2025766c3bd1501139e38f50d4d104197dd88aa47a0e0efa8,9da1b27ab153f3540166c3ce6d066625d09a51280264f041faec4df5a28ed4b7
main,Warriors,x!!fh0,1,PortraitsWarriors/L/x!!fh0L.bmp,PortraitsWarriors/M_zoomed/x!!fh0M.bmp,x!!fh0L.bmp,x!!fh0M.bmp,07c8c5ecd80ac82e1b471bd734df1c938299c46c42a6cf0c6ffa5fe00cf3ed6e,f275942e5e7c7512a259bd0af2db22cd1cdc3d32b3b89fc7379f282319685ba9
main,Warriors,x!!fh2,1,PortraitsWarriors/L/x!!fh2L.bmp,PortraitsWarriors/M_zoomed/x!!fh2M.bmp,x!!fh2L.bmp,x!!fh2M.bmp,9403ed5c5b25bc212c054d9f1bc236d69173687fe9e57cc3b37c367d73872103,83534e52b861cfcb02e4e145d973698813d1e6a0aa8a1aeef6d7d71c573674e3
main,Warriors,x!!fm0,1,PortraitsWarriors/L/x!!fm0L.bmp,PortraitsWarriors/M_zoomed/x!!fm0M.bmp,x!!fm0L.bmp,x!!fm0M.bmp,b23b42c773be24083495226fa5e33ccd2137cb34c0b702ecf3c3ff0ae7a17b56,4402849076cd9765e6023db085a51fb5f1e9c06db0abe896cc72c1de4a166d1c
main,Warriors,x!!fm2,1,PortraitsWarriors/L/x!!fm2L.bmp,PortraitsWarriors/M_zoomed/x!!fm2M.bmp,x!!fm2L.bmp,x!!fm2M.bmp,754471af5e511be364d305a69c9cf71930a3928bff98fa0dcba4271b09764901,f2173a2d23db5b5d8514e53b282ec35ec0a5865bc46c69bba46abfc393c85738
main,Warriors,x!!fo0,1,PortraitsWarriors/L/x!!fo0L.bmp,PortraitsWarriors/M_zoomed/x!!fo0M.bmp,x!!fo0L.bmp,x!!fo0M.bmp,890b0430d5760b4f8004ed648c047e7c7e51914341f3574aaf16e55a7c6111c4,a6fcfc93b37f7a2e745ddae71ad534d1572573ef0e08b0673591c11a964d0116
main,Warriors,x!!fs0,1,PortraitsWarriors/L/x!!fs0L.bmp,PortraitsWarriors/M_zoomed/x!!fs0M.bmp,x!!fs0L.bmp,x!!fs0M.bmp,879b0f8e765ceb3644961598a2324a43974bdc5a270e319a3d609d323431212b,5a5cd8175dcc53d0ae2857d0a0bf2ce40bd804b157b84815e39edf9b35862b1d
main,Warriors,x!!fs2,1,PortraitsWarriors/L/x!!fs2L.bmp,PortraitsWarriors/M_zoomed/x!!fs2M.bmp,x!!fs2L.bmp,x!!fs2M.bmp,3be2483043794da50118182410e201c1bfb3cd62b6974dfc40cc7b7526052d8e,ce0800a3c6e60df6e01e4dbd46d31176ad5615a3b74921724a96278c4f9ae584
main,Warriors,x!#fz0,2,PortraitsWarriors/L/x!#fz0L.bmp,PortraitsWarriors/M_zoomed/x!#fz0M.bmp,x!#fz0L.bmp,x!#fz0M.bmp,ff85265a84d0a24e235ce5b8a1bf7c6d640685b5892ed848617badd7ee09d907,e2af7b3d0e2d49c42dc716be15e90500fea942591938f392d26a4575a9c9a84e
main,Warriors,x!#fz2,2,PortraitsWarriors/L/x!#fz2L.bmp,PortraitsWarriors/M_zoomed/x!#fz2M.bmp,x!#fz2L.bmp,x!#fz2M.bmp,bf1f85f1e85c67881090b5b43810ae574cfcc73c164f16da74eed4a63109507d,52074e1d75ca0de7e7e6ee82ef0255a1a86d13119e22f442ac6c7d6f162cdc60
main,Warriors,x!#fz4,2,PortraitsWarriors/L/x!#fz4L.bmp,PortraitsWarriors/M_zoomed/x!#fz4M.bmp,x!#fz4L.bmp,x!#fz4M.bmp,13afde236dc77c7866ec7532782250a3be93e98cef9a7912fb32f7a8e5239d92,ba8a2c6f61fe243d193546734c501b84b483116df75f7255368404e3a60f0d2a
main,Warriors,x!#fz6,2,PortraitsWarriors/L/x!#fz6L.bmp,PortraitsWarriors/M_zoomed/x!#fz6M.bmp,x!#fz6L.bmp,x!#fz6M.bmp,ff893c5ced44001e591e1cdfd3571e8cc27362850a6e4d3a14c57c51e4af2349,f10f5f9f2d095a840dd7c1dd065a0fb64bb7fbc4040ba2450b7a1f64586f802e
main,Warriors,x!#fz8,2,PortraitsWarriors/L/x!#fz8L.bmp,PortraitsWarriors/M_zoomed/x!#fz8M.bmp,x!#fz8L.bmp,x!#fz8M.bmp,9313165db42a6109adeaddc28a7e69c64c357a4d71248860d5fe9ebbf5cb2f99,bf7c9c04056390a906f4f59f47aba14795e9646c282153dab476d56156f5bfb3
main,Warriors,x!!fz0,1,PortraitsWarriors/L/x!!fz0L.bmp,PortraitsWarriors/M_zoomed/x!!fz0M.bmp,x!!fz0L.bmp,x!!fz0M.bmp,6c13e4a9f1f3253844fd833129484c93588b6f9089fa9381f4220adf2dfb8c15,6364340e0c8c070531a15a516f0aa10c6873ec9cae0508500129388a19f6819f
main,Warriors,x!!fz2,1,PortraitsWarriors/L/x!!fz2L.bmp,PortraitsWarriors/M_zoomed/x!!fz2M.bmp,x!!fz2L.bmp,x!!fz2M.bmp,a4386c4a5c65487201ebf725f54c24b0b5724dd708e41c2d7cfa47f94d748b78,3f5b4b5d8e48f60a0dd199c57842b3606195ee980916777e0fdb96e0f1a3a74e
main,Warriors,x!!fz4,1,PortraitsWarriors/L/x!!fz4L.bmp,PortraitsWarriors/M_zoomed/x!!fz4M.bmp,x!!fz4L.bmp,x!!fz4M.bmp,a94535d464f95f43b9db296769c75e6f786705f557e7caa36682ac02006dddaf,9c05d8e5847000ee72c6eec97ecb40807545541a87556577416565dcca9692bd
main,Warriors,x!#p00,2,PortraitsWarriors/L/x!#p00L.bmp,PortraitsWarriors/M_zoomed/x!#p00M.bmp,x!#p00L.bmp,x!#p00M.bmp,2cef88d6d9f6515ddf1af7e5f582cd2ce8f6c0269eca46016cb361bbef039598,9c9b85f3435c11eca3f4d527daf39a8f67f93c2ca51fcca9e6411853b577dfc3
main,Warriors,x!#p02,2,PortraitsWarriors/L/x!#p02L.bmp,PortraitsWarriors/M_zoomed/x!#p02M.bmp,x!#p02L.bmp,x!#p02M.bmp,82619e68eba302d3235c9dffd5c5f3da2621cd4c51c2ab6f8611fbf9081edc6e,30cd904dbca364a86c7c93a8ecb6e298890d9e8e664b9ca109b85d54aa863b8b
main,Warriors,x!#p04,2,PortraitsWarriors/L/x!#p04L.bmp,PortraitsWarriors/M_zoomed/x!#p04M.bmp,x!#p04L.bmp,x!#p04M.bmp,131ce42113f56cd6ad08b945da5e83e213aa47ca14515f2bf538fce3ec1e2265,be8a96ba4d98254177f98e3ae17577d89e33169adc63e07a10c0c7c4f6e16d3a
main,Warriors,x!#p06,2,PortraitsWarriors/L/x!#p06L.bmp,PortraitsWarriors/M_zoomed/x!#p06M.bmp,x!#p06L.bmp,x!#p06M.bmp,5d5d1c9118deebf726bf82e9301554b6535c36ecbb731986c1b6b758c93b931d,c00271879fd4469f68c6a3419f3e51d215d19091e401a4a76cdb4e9cae2a3bb3
main,Warriors,x!#p08,2,PortraitsWarriors/L/x!#p08L.bmp,PortraitsWarriors/M_zoomed/x!#p08M.bmp,x!#p08L.bmp,x!#p08M.bmp,16fbb30b781202d790decf6bd6731597d857e022b2db4a404704b6460fb1236a,fd835d6b7567199dacca6d37f44d6a8ba25511563cbcdee578fe59d821a24b28
main,Warriors,x!#p10,2,PortraitsWarriors/L/x!#p10L.bmp,PortraitsWarriors/M_zoomed/x!#p10M.bmp,x!#p10L.bmp,x!#p10M.bmp,20d3568f582bd724012053b25f34e21b9b4af330850d0a6d836517140d5f44b4,7002495b9170ac988a852fac79636f971c94ae1f87db918deb9423258dd47599
main,Warriors,x!!p00,1,PortraitsWarriors/L/x!!p00L.bmp,PortraitsWarriors/M_zoomed/x!!p00M.bmp,x!!p00L.bmp,x!!p00M.bmp,f617a83f926eacfddf2d14fb3e8463fc1fbd82d322240287dbe3934ab0460790,0993762de7f4ed07e4689ba3e04dadb699fefac312aee2740916d05213ffd3ec
main,Warriors,x!!p02,1,PortraitsWarriors/L/x!!p02L.bmp,PortraitsWarriors/M_zoomed/x!!p02M.bmp,x!!p02L.bmp,x!!p02M.bmp,42446db0ef7e0d4a685a4752088ce79968d4fd9e14e4502fc782d7f088706cf3,4264bf599dc05663ea52f1524dba9a44c271812945d4ab2bdbdbf66b37bcbd19
main,Warriors,x!!p04,1,PortraitsWarriors/L/x!!p04L.bmp,PortraitsWarriors/M_zoomed/x!!p04M.bmp,x!!p04L.bmp,x!!p04M.bmp,9c44807c15381bb8e09471898d25677f436c20f53fbe816636cafcd81146350e,f00a7c4adc5e1ff7f992227c2bdbe895e410169e0a5bbbd9a975f38637803fd2
main,Warriors,x!#pd0,2,PortraitsWarriors/L/x!#pd0L.bmp,PortraitsWarriors/M_zoomed/x!#pd0M.bmp,x!#pd0L.bmp,x!#pd0M.bmp,2007b3f905888aa84e4954607920a460b658e771b861d7844171ff87c8d3d1a8,52a485ddace633eee6420d3c86eb1626fce3ddd90a46995062874fac9e805bcf
main,Warriors,x!!po0,1,PortraitsWarriors/L/x!!po0L.bmp,PortraitsWarriors/M_zoomed/x!!po0M.bmp,x!!po0L.bmp,x!!po0M.bmp,2342b5dc21de1a3305e82ce6910ee38db159321f30827d54afcea5dc7748fcbb,26e3529697f7d709d1d4bb0a0c2e92ef0c6b584be232154c6d996bc32dfc6dc6
main,Warriors,x!#px0,2,PortraitsWarriors/L/x!#px0L.bmp,PortraitsWarriors/M_zoomed/x!#px0M.bmp,x!#px0L.bmp,x!#px0M.bmp,67340dc5bc0833e383a53285f4c371e72cd2114430a5fe0ef6254c881e3097fb,47715392078e92559f33ea6529a2f66986bdefcba5fde7aff06d785a227d066b
main,Warriors,x!#px2,2,PortraitsWarriors/L/x!#px2L.bmp,PortraitsWarriors/M_zoomed/x!#px2M.bmp,x!#px2L.bmp,x!#px2M.bmp,cdf40d0b04695bb5dde8aa6a91a9588088a75822a5c0e8075115062180b32904,0bbb674677fcbef72542ea88a5a22d161b173b1b67c7c1416c948fdd0ed417b6
main,Warriors,x!!px0,1,PortraitsWarriors/L/x!!px0L.bmp,PortraitsWarriors/M_zoomed/x!!px0M.bmp,x!!px0L.bmp,x!!px0M.bmp,bc0ceebac485ac3e997b27cbb8c2a7fc42c53d37070409ca569bb36a0f86fa7c,643ecee5f78168e23e4855f380f0ea496ffc69500e7385a79b8bfe3fb771b22c
main,Warriors,x!!py0,1,PortraitsWarriors/L/x!!py0L.bmp,PortraitsWarriors/M_zoomed/x!!py0M.bmp,x!!py0L.bmp,x!!py0M.bmp,c11f1d4f6ee1b61bf7aae957ffc21b37b41f573f6e54b6d694568b677ae494cc,908f124bfbdd1b25abde071e80849f40ac156d147a469630adb940875e90fff1
main,Warriors,x!!py2,1,PortraitsWarriors/L/x!!py2L.bmp,PortraitsWarriors/M_zoomed/x!!py2M.bmp,x!!py2L.bmp,x!!py2M.bmp,769c4a1b996157a6d0bb6a72980d065dd91d7b7e6cb1cdda62a425e2a6760f6b,dfd81de6878e49adafcf268c01eeb9338ebf3e80310995dd982132d2dd48976e
main,Warriors,x!#n00,2,PortraitsWarriors/L/x!#n00L.bmp,PortraitsWarriors/M_zoomed/x!#n00M.bmp,x!#n00L.bmp,x!#n00M.bmp,66239e4712f2c90d3987caed23aa0f4d5effb9c5e7438d6e5a8cd1dd6772de0e,10cde72ddacaac471f282a2dd26fd22793114d4afa10163e0e7e1300d21f104d
main,Warriors,x!#n02,2,PortraitsWarriors/L/x!#n02L.bmp,PortraitsWarriors/M_zoomed/x!#n02M.bmp,x!#n02L.bmp,x!#n02M.bmp,8738c325288c0dc22a40a2743dfc951dba02474462bc13859535e39a287f6ed0,1bd4c43897744d5129b26dade94dbc1464839aa5e48215c569edb1b6b3cec9ba
main,Warriors,x!#n04,2,PortraitsWarriors/L/x!#n04L.bmp,PortraitsWarriors/M_zoomed/x!#n04M.bmp,x!#n04L.bmp,x!#n04M.bmp,3bdce53756a40322ff2dbad8b3c00fbbaeeee9701018b690b23ef642a6cb9de2,bd2a5918ada2098c08f974b97c626cb3c8966f5f6922c87cb3919f30fdd39502
main,Warriors,x!#n06,2,PortraitsWarriors/L/x!#n06L.bmp,PortraitsWarriors/M_zoomed/x!#n06M.bmp,x!#n06L.bmp,x!#n06M.bmp,3c498df8a9939e2c5630425a66c6c17a8ac987070af4694c36b055d406189649,13a959d1e75522b1cc635e76b6f46ccb3ccbcd94839f557f8d8eec5483a8a26f
main,Warriors,x!#n08,2,PortraitsWarriors/L/x!#n08L.bmp,PortraitsWarriors/M_zoomed/x!#n08M.bmp,x!#n08L.bmp,x!#n08M.bmp,6adfa832316b7aefe223cbb944e21a4414940470e9906ee29d374b84b979f7d4,07154e5147ce250a1fcab70f6ed7bd63e0453870ba770416d97d84a5b85304f3
main,Warriors,x!!n00,1,PortraitsWarriors/L/x!!n00L.bmp,PortraitsWarriors/M_zoomed/x!!n00M.bmp,x!!n00L.bmp,x!!n00M.bmp,1c9f18ee9579b84d56f8a4a371723bdeb5df20a9f4df46d2156ce1b8e0b5ea93,cfb62715a4700bbf6c931e0135a4ab1289a9ba6b1424f76fb82c99e27ecb5f50
main,Warriors,x!!n01,1,PortraitsWarriors/L/x!!n01L.bmp,PortraitsWarriors/M_zoomed/x!!n01M.bmp,x!!n01L.bmp,x!!n01M.bmp,082ad2f43d8e7efd2a9606372f8dec2e94f09f99a537f13b534b686048f0e365,52225931f1169f1e8427f40b7ff0f09aac31496dea48b695c79347529157c5e3
main,Warriors,x!!n02,1,PortraitsWarriors/L/x!!n02L.bmp,PortraitsWarriors/M_zoomed/x!!n02M.bmp,x!!n02L.bmp,x!!n02M.bmp,c6870c177a694606000d108d5febbe5171b70f08f228f6c605a0eb94f8598284,6497cce1d4600c71ea23045f29e96f152f9d7057f55c80828ebf58ba275508f9
main,Warriors,x!!n04,1,PortraitsWarriors/L/x!!n04L.bmp,PortraitsWarriors/M_zoomed/x!!n04M.bmp,x!!n04L.bmp,x!!n04M.bmp,b4fefc681db25e5417c2922610bc48753234eb585220a1bb53d02ff8ed4baa7f,b398a267e03e3d5e5941f29995ad25c9080dad968a20f94b98a9461e654c5e26
main,Warriors,x!#nv0,2,PortraitsWarriors/L/x!#nv0L.bmp,PortraitsWarriors/M_zoomed/x!#nv0M.bmp,x!#nv0L.bmp,x!#nv0M.bmp,b3567f3ce988ec5804e5e38b30a5ab189f4dd1f00c8ebe1092349f3a53dd753b,49f9c6d7aac156060ef197f4c756b4faf38192571d53dee2d858dbaecd171854
main,Warriors,x!!nv0,1,PortraitsWarriors/L/x!!nv0L.bmp,PortraitsWarriors/M_zoomed/x!!nv0M.bmp,x!!nv0L.bmp,x!!nv0M.bmp,e412ce3e3a5e77988220ad5b8ba007bbfe4f8c893151f3833832a5db446d90ee,f914b1f305182237881acf35a7a9436b958e544fcb9e61ac574d692d8a2a75ac
main,Warriors,x!!nv2,1,PortraitsWarriors/L/x!!nv2L.bmp,PortraitsWarriors/M_zoomed/x!!nv2M.bmp,x!!nv2L.bmp,x!!nv2M.bmp,07edee5aa9ff0c1c1624fdbe1e5765be7229654f022172810b3c55631b560758,d190c71cbb446001bdf2fef74e1b04ce3eda695b881dd105d773d6141e9bd96b
main,Warriors,x!!nv4,1,PortraitsWarriors/L/x!!nv4L.bmp,PortraitsWarriors/M_zoomed/x!!nv4M.bmp,x!!nv4L.bmp,x!!nv4M.bmp,b3d922862a8db4c3473893826524b4d8135520d6e23202418b54f1b4fbc1e68b,09d0f84360b97d09ef47ca25ad4b257408bea255a415f2f02c50f9f48238da98
main,Warriors,x!#r00,2,PortraitsWarriors/L/x!#r00L.bmp,PortraitsWarriors/M_zoomed/x!#r00M.bmp,x!#r00L.bmp,x!#r00M.bmp,96d3fbbb666eef21af67d53072e28d27fe79af399a60ccbf85e375da4ebe8186,b024ad55955af93a564cc0f58579b9f73f0e6534accf04937a494b9f9f6dd24b
main,Warriors,x!#r02,2,PortraitsWarriors/L/x!#r02L.bmp,PortraitsWarriors/M_zoomed/x!#r02M.bmp,x!#r02L.bmp,x!#r02M.bmp,c8144fbc108feffbeba673b6b19e520bde50dab927db87553c66522522999338,9d55407ab0c73cf8c241e49986bc4d10203c8f65e1ce9ebe97475109cba718b8
main,Warriors,x!#r06,2,PortraitsWarriors/L/x!#r06L.bmp,PortraitsWarriors/M_zoomed/x!#r06M.bmp,x!#r06L.bmp,x!#r06M.bmp,9a0f12ac1e63fd909a1169235ecb3ce3ca96da8147b0524ccecc5e809ec064eb,38e72114d868877b447a07041f809b5944cc17cd5038888f44169be763cfba68
main,Warriors,x!!r00,1,PortraitsWarriors/L/x!!r00L.bmp,PortraitsWarriors/M_zoomed/x!!r00M.bmp,x!!r00L.bmp,x!!r00M.bmp,764a1eb2430c570e0369e32c00984a8cfc359006008302a1d9bbc7d7d482abbd,90d5d7a0dc8e536f62ddd8466e753ca9b7b6ff2b8cca893e15b371ab12eb7736
main,Warriors,x!!r02,1,PortraitsWarriors/L/x!!r02L.bmp,PortraitsWarriors/M_zoomed/x!!r02M.bmp,x!!r02L.bmp,x!!r02M.bmp,041af69814b7f146ae35311f6ac343736729c63cb4abc8f3f62053ea3adbcc0f,029c7f7599e414d1ed5caad867fc95316b6f31be6a2efac0cefe69db08798295
main,Warriors,x!!r04,1,PortraitsWarriors/L/x!!r04L.bmp,PortraitsWarriors/M_zoomed/x!!r04M.bmp,x!!r04L.bmp,x!!r04M.bmp,dd518921d3fb56f01adcdc06680bd554c0bf8239437260b7029d5c53bfa25bc6,5713b880f18fd3334732c2df08b2880d3e4e91032747fff0ab0b5d0b0324285d
main,Warriors,x!#ra0,2,PortraitsWarriors/L/x!#ra0L.bmp,PortraitsWarriors/M_zoomed/x!#ra0M.bmp,x!#ra0L.bmp,x!#ra0M.bmp,859f6efd645db08e3107cc86ee53ff684dea5d829f9df768859baae0c491a6dc,394700e6d4e6110bf41ec8082fa88de81aa8fa29bdc94f7f0dbef8a0dd5803cb
main,Warriors,x!#ra2,2,PortraitsWarriors/L/x!#ra2L.bmp,PortraitsWarriors/M_zoomed/x!#ra2M.bmp,x!#ra2L.bmp,x!#ra2M.bmp,8db0cd0944b325ed69908b7adac4e1ad6692ec99729169664579692f483bc4ca,fc92513a7200ae258c43945adbaed35180e5a50ae77c5869d9296822ee206bd6
main,Warriors,x!#rb0,2,PortraitsWarriors/L/x!#rb0L.bmp,PortraitsWarriors/M_zoomed/x!#rb0M.bmp,x!#rb0L.bmp,x!#rb0M.bmp,53853ee4df78f891d3c1067c6732ae8ff210a16111a29b31821deeea62393b42,ffdb29449c19ba61435b1a520a4e9da0241f8e8d875b6bd630c8d36477b0fdd1
main,Warriors,x!#rb2,2,PortraitsWarriors/L/x!#rb2L.bmp,PortraitsWarriors/M_zoomed/x!#rb2M.bmp,x!#rb2L.bmp,x!#rb2M.bmp,a7dee9a402c856c218a593ca88c83e1e539965cc54f77ee65ded62a1d869aa4d,895c92d90182f60e895b0747b4bf8bc4db202a8acf02e727908d6a7e8753c9e2
main,Warriors,x!#rb4,2,PortraitsWarriors/L/x!#rb4L.bmp,PortraitsWarriors/M_zoomed/x!#rb4M.bmp,x!#rb4L.bmp,x!#rb4M.bmp,8925785f5d019fa35cd999256a85ac8624a23c8628d8399f012fad9b80e6f872,6090d4229b1eb34899f8a43f42c4c4a895cf86baaf13e918ea30259c54f2ed87
main,Warriors,x!#rb6,2,PortraitsWarriors/L/x!#rb6L.bmp,PortraitsWarriors/M_zoomed/x!#rb6M.bmp,x!#rb6L.bmp,x!#rb6M.bmp,295111a07f40d453bb5c5abe3fd47f88747d288a9d4626bb10e53968d81f5152,763d632befe30b359c97f191baeb50ce3d2dbdef7c31c9656f73bc956968b753
main,Warriors,x!#rb8,2,PortraitsWarriors/L/x!#rb8L.bmp,PortraitsWarriors/M_zoomed/x!#rb8M.bmp,x!#rb8L.bmp,x!#rb8M.bmp,af1d01ce4b2f3151ebcbb08e8f0a561eda475fdec7f00926848b1306e510bcf7,9a1b0967b1ec1f5221e1e0c6bd12a11dde5636a1700aa076097c1088cffc5c31
main,Warriors,x!#rba,2,PortraitsWarriors/L/x!#rbaL.bmp,PortraitsWarriors/M_zoomed/x!#rbaM.bmp,x!#rbaL.bmp,x!#rbaM.bmp,b581a445d000462f9820b797f03332d293a5b90fa4237571b905908013934675,1f336904272be6336c0c320d2114e7fe66681c90b7a7da2c4a9ed0d0d0b38e2e
main,Warriors,x!#rbc,2,PortraitsWarriors/L/x!#rbcL.bmp,PortraitsWarriors/M_zoomed/x!#rbcM.bmp,x!#rbcL.bmp,x!#rbcM.bmp,6e245e14c2919e6e34c08adb7a0202d7081e3af142645450a360be17422e57ca,4343c72f0160a98447bd48f70ed7ca1355f6839bc9ea80d6b224c562a6c04e9b
main,Warriors,x!!ra0,1,PortraitsWarriors/L/x!!ra0L.bmp,PortraitsWarriors/M_zoomed/x!!ra0M.bmp,x!!ra0L.bmp,x!!ra0M.bmp,3487880d9b1f50c2525821378dd1ce2278fdbe9b0ab29622687919a9f6fe627f,fa39395c8cbd67f2a7954f6abd20c8e7ed6763c156a775ad05bc91b28bc8f61b
main,Warriors,x!!ra2,1,PortraitsWarriors/L/x!!ra2L.bmp,PortraitsWarriors/M_zoomed/x!!ra2M.bmp,x!!ra2L.bmp,x!!ra2M.bmp,c7fe5229fae6fa7d67d4db73db87b0e18baba6ba09cd8d88fc2506dec66a3ce8,150387f7b6794cdef46a78aba21c7633b9486eaae008043b382df747655b76c1
main,Warriors,x!!ra4,1,PortraitsWarriors/L/x!!ra4L.bmp,PortraitsWarriors/M_zoomed/x!!ra4M.bmp,x!!ra4L.bmp,x!!ra4M.bmp,9538f84019c08cb49dd573e8b889692eb46b609b5ab8951322131073277281b1,7f327829843eaac26a1ad640fa30e25a27c48eca73289d7354ab10a6773d0a3d
main,Warriors,x!!ra6,1,PortraitsWarriors/L/x!!ra6L.bmp,PortraitsWarriors/M_zoomed/x!!ra6M.bmp,x!!ra6L.bmp,x!!ra6M.bmp,7fa3b4480033ad6f173315e6b829706b0cc33668d13fbc45de3b932a0a1e1522,c2435af0ae09986557624e88e15fba78dd20e17bf708f10be892e2ccf85fec98
main,Warriors,x!!rb0,1,PortraitsWarriors/L/x!!rb0L.bmp,PortraitsWarriors/M_zoomed/x!!rb0M.bmp,x!!rb0L.bmp,x!!rb0M.bmp,fe425def5593f357cde89fca2b2ec47c6660f91af2fe9d33fbd8ab2cf22fe505,ade5570d86627b74b2fb7cb53728401b2ee61ef8a5c3f07f5f15d1f709972516
main,Warriors,x!!rb2,1,PortraitsWarriors/L/x!!rb2L.bmp,PortraitsWarriors/M_zoomed/x!!rb2M.bmp,x!!rb2L.bmp,x!!rb2M.bmp,da7bcf6a1c76e80a172d51a6da6b097320c375cf75412a3816129b30011396dd,9875a4ef93fc5c6c8d8f7f4f9ac8d89958236ce92e142c00b5f0a3ae04da3f1e
main,Warriors,x!#rs0,2,PortraitsWarriors/L/x!#rs0L.bmp,PortraitsWarriors/M_zoomed/x!#rs0M.bmp,x!#rs0L.bmp,x!#rs0M.bmp,859b25e53bf1240f8fed84012502671d47d6b7f4cb0d2183a2a61bbfb8d3b917,d3b47b274fed0a5ed75670e280bf43b7db26865e3bf5713b8767f871ac105ae6
main,Warriors,x!#rs2,2,PortraitsWarriors/L/x!#rs2L.bmp,PortraitsWarriors/M_zoomed/x!#rs2M.bmp,x!#rs2L.bmp,x!#rs2M.bmp,ffc34d0fb1aade9ef111ac89defbeaa02b488a159f9601457329f97d09464b93,b565cb6f17ba2ff3da3a704bfb77f84b26db5072466d2cd1e7003b864e12c61c
main,Warriors,x!!rs0,1,PortraitsWarriors/L/x!!rs0L.bmp,PortraitsWarriors/M_zoomed/x!!rs0M.bmp,x!!rs0L.bmp,x!!rs0M.bmp,697a592b4d26c8bf1ac8556125c8c13dde7ddfdb238e1bda2073ec6d1db96682,9b6bffb67e50fcfa73ffdbc7dfc723de75f96e2e265ff5c669d31e669440786e
main,Warriors,x!!rs2,1,PortraitsWarriors/L/x!!rs2L.bmp,PortraitsWarriors/M_zoomed/x!!rs2M.bmp,x!!rs2L.bmp,x!!rs2M.bmp,f5e161f1ecebfa244ecf03976641591cd702372fb60ad39032c1475a0135c9b2,3ac80f37bdda97640975534db5f8200ec3573d4a32e3363472f403ce239f0db8
main,Priests,x!#m00,2,PortraitsPriests/L/x!#m00L.bmp,PortraitsPriests/M_zoomed/x!#m00M.bmp,x!#m00L.bmp,x!#m00M.bmp,1a2f7812d14d7546be805f5418c35d83d931d890eac3ca8d5e33b2a1c2d72b3c,94a88ba4c60d0e487d197b44d35a2e889ca235dd156ca43909a41a80ab20ed90
main,Priests,x!#m02,2,PortraitsPriests/L/x!#m02L.bmp,PortraitsPriests/M_zoomed/x!#m02M.bmp,x!#m02L.bmp,x!#m02M.bmp,93bb20e74d312c8122630ba589a5b84a0f019d203f372842b4ae0ff067696485,c0a17f5628ee40f37998c5095a154c0b76828a70f844dec1243e69d2fdb52e26
main,Priests,x!!m00,1,PortraitsPriests/L/x!!m00L.bmp,PortraitsPriests/M_zoomed/x!!m00M.bmp,x!!m00L.bmp,x!!m00M.bmp,20e3e209a3f76dfd0c3753a8431c35fc61f21461c37c4d3a97d9f77e41bfdbf3,c757a7bc15c901c1f9d53a42cedc04990d386499f7dc886dd327b6592fefb400
main,Priests,x!!m02,1,PortraitsPriests/L/x!!m02L.bmp,PortraitsPriests/M_zoomed/x!!m02M.bmp,x!!m02L.bmp,x!!m02M.bmp,07746d6fcbe78218c4d13fffaf9dfdc728dbe96019752fd95da374fe0c0392e9,176f230693c19ec682261a647caf847904e069209bdd30a3f602c4fbfe68760d
main,Priests,x!!m04,1,PortraitsPriests/L/x!!m04L.bmp,PortraitsPriests/M_zoomed/x!!m04M.bmp,x!!m04L.bmp,x!!m04M.bmp,82e00222e5cc37c667698f7a745164130d06c0291fb9cbd77d7df343356d6049,4f1f6729fef39f0fe2b9b4dbb9e338714a6813c887eb5b2e62adefb6027316a0
main,Priests,x!#mb0,2,PortraitsPriests/L/x!#mb0L.bmp,PortraitsPriests/M_zoomed/x!#mb0M.bmp,x!#mb0L.bmp,x!#mb0M.bmp,2adb3170203f4604a5ea7b6827b0affe6bb619dceef04eb6fd59d3a5e285ccd3,464bd8efd35538b2e3f20f6d355e02ab749fb5a01f8e6c51e7780889364f5472
main,Priests,x!!mb0,1,PortraitsPriests/L/x!!mb0L.bmp,PortraitsPriests/M_zoomed/x!!mb0M.bmp,x!!mb0L.bmp,x!!mb0M.bmp,7938c2be93940a2e152f5b3c4ed9a17ab8f4eb4367ac34aa7c080b1ad329db44,852b229b41b414f12cc959ef4bf3501c58cf87fdf0344dc1f05e5a3b10568d88
main,Priests,x!!mb2,1,PortraitsPriests/L/x!!mb2L.bmp,PortraitsPriests/M_zoomed/x!!mb2M.bmp,x!!mb2L.bmp,x!!mb2M.bmp,0f08a8c26162abb77413f703d405532a9bd40e2257b7eab802763a351fedbd8a,80dd74470f88537792ff4542c7515303c5caf7f3b363f208adac0e6ba31b7491
main,Priests,x!!mb4,1,PortraitsPriests/L/x!!mb4L.bmp,PortraitsPriests/M_zoomed/x!!mb4M.bmp,x!!mb4L.bmp,x!!mb4M.bmp,e57a830fe31915ca45bed6748a95073f6009e71bae88d4faa6d1aa0581088f95,2536b1603cc7697c0d5ca5ac270ed443aba74bf01c1e1f2c10deabe2cf8d4bb9
main,Priests,x!!mb6,1,PortraitsPriests/L/x!!mb6L.bmp,PortraitsPriests/M_zoomed/x!!mb6M.bmp,x!!mb6L.bmp,x!!mb6M.bmp,d90718af2bc4bb0aa9599d96bdaf76e4db569d5ab6bef0a35406babc5f94fa59,73ef2b8ece4b9ecf0197d2d8f29a9a6cee0d4e8fe77af4abd061a8ee58860185
main,Priests,x!!mb8,1,PortraitsPriests/L/x!!mb8L.bmp,PortraitsPriests/M_zoomed/x!!mb8M.bmp,x!!mb8L.bmp,x!!mb8M.bmp,af6eb052d1c58dae3a9b8bfe1a42b5d90aa0338b7be48bd02aa95ce72d99087b,c1c450b0e117718be04deee4bdcd58736f63cba07b72d1fa7f1a8a84db83e3a0
main,Priests,x!!cb0,1,PortraitsPriests/L/x!!cb0L.bmp,PortraitsPriests/M_zoomed/x!!cb0M.bmp,x!!cb0L.bmp,x!!cb0M.bmp,14b2d8d41efa58ba928978be044142a124e88311bf5f38317336b711ec56aa16,f257d1c22ed1b71d7a6f7c0abd7f0b283261567d893172a59098fc775f4dcfd4
main,Priests,x!!cb2,1,PortraitsPriests/L/x!!cb2L.bmp,PortraitsPriests/M_zoomed/x!!cb2M.bmp,x!!cb2L.bmp,x!!cb2M.bmp,ab2bf12ac9e938f0e576f60576e2c654cae27a97ebc351f109fdeb65a6f9f355,68ed1576b23bf89868d1329040e103b8d0c87ceb589a53f464e65546b1695736
main,Priests,x!!cb4,1,PortraitsPriests/L/x!!cb4L.bmp,PortraitsPriests/M_zoomed/x!!cb4M.bmp,x!!cb4L.bmp,x!!cb4M.bmp,d29b1c85a1975c4cedca0ca2650537a058f8818cfee1b8909960d93132bf7076,0e669fe260588965337f98607b687b5a4fd097d0dbd06fb01036754b41088bfe
main,Priests,x!#ch0,2,PortraitsPriests/L/x!#ch0L.bmp,PortraitsPriests/M_zoomed/x!#ch0M.bmp,x!#ch0L.bmp,x!#ch0M.bmp,a666e3e4e3afdb6674497363a4fd75baca8f8cc0fb10617ecf29bcbc5e6e42c6,d7616302f47a8a768dbc240e39d7b6f743d03a2ba92b5af5ba47dcabbd5d2436
main,Priests,x!#ck0,2,PortraitsPriests/L/x!#ck0L.bmp,PortraitsPriests/M_zoomed/x!#ck0M.bmp,x!#ck0L.bmp,x!#ck0M.bmp,47064eaabf5993f6f88e4149f71c95f8847661e8847af4d60c3e8d8ca32cdb19,56b5edd21e64dd80aca498ddd262258de8bfdd5596e67544a551efa799d797c6
main,Priests,x!#cp0,2,PortraitsPriests/L/x!#cp0L.bmp,PortraitsPriests/M_zoomed/x!#cp0M.bmp,x!#cp0L.bmp,x!#cp0M.bmp,aa8e4b4079e1c99b7d21265bc2d454ddc6871e19df35ba5c49ece2fce3bdad99,78c71fbf6f04ff8b7f221bfb39364dc2eb199079185727f2421a1fdd9371a6f6
main,Priests,x!!cs0,1,PortraitsPriests/L/x!!cs0L.bmp,PortraitsPriests/M_zoomed/x!!cs0M.bmp,x!!cs0L.bmp,x!!cs0M.bmp,a1e166d73733654f38517448ccf028d16622504bb576995ee7752c7e07bab1bc,3e79b673c9c6f94f5f6b265cde1a85bc484c0e76fef74f6b8b390e8c2cf32e62
main,Priests,x!!cr0,1,PortraitsPriests/L/x!!cr0L.bmp,PortraitsPriests/M_zoomed/x!!cr0M.bmp,x!!cr0L.bmp,x!!cr0M.bmp,222be5c17d507c41d3e77d6217ec874c567b350f12dba8dabba509b9473c178c,0cd2a004548c73d16ec2637621e25752dba6100ee1fa1d1e3302e8dcf5ddd30f
main,Priests,x!!cr2,1,PortraitsPriests/L/x!!cr2L.bmp,PortraitsPriests/M_zoomed/x!!cr2M.bmp,x!!cr2L.bmp,x!!cr2M.bmp,1187485e250c8763a247272f4b475f79cf5609f5c529641d9df399a43182ba41,a756e06f5986607d50d109254ee8aaebdd075ccaf3b2348a3ad64412ac9437b9
main,Priests,x!!cr4,1,PortraitsPriests/L/x!!cr4L.bmp,PortraitsPriests/M_zoomed/x!!cr4M.bmp,x!!cr4L.bmp,x!!cr4M.bmp,6a5abbfb114bc69c21891fdedc10148c58686b415c096f4f3745134e2b4d9b33,6b280bfe74fd76a142ed031b800cb12dfde327861a3457b2a59c5bc4439a5d3c
main,Priests,x!#cv0,2,PortraitsPriests/L/x!#cv0L.bmp,PortraitsPriests/M_zoomed/x!#cv0M.bmp,x!#cv0L.bmp,x!#cv0M.bmp,a453ef7c90736bab3c84c49b58132eda86914675ebd0c07051fab97f423c9e23,e082604f39de0ba65c003b3fb20fca75fb5c940155d841138df7e3905ad02560
main,Priests,x!#cv2,2,PortraitsPriests/L/x!#cv2L.bmp,PortraitsPriests/M_zoomed/x!#cv2M.bmp,x!#cv2L.bmp,x!#cv2M.bmp,2351e99265e31fa8b93adff1b357f981cddbef1d8ee5e20fc57aa4227c2b892a,10a159013c9c8bf9efca5e25135b832b681aebdc5b2513671240f1e93cf8ab58
main,Priests,x!#cv4,2,PortraitsPriests/L/x!#cv4L.bmp,PortraitsPriests/M_zoomed/x!#cv4M.bmp,x!#cv4L.bmp,x!#cv4M.bmp,340c3510d665ced97bec9f11042f3c3fa0bcb7e865e62dc785c0c567307380d4,9ab965aec41d92146f729f83c66382ed4fecd2468c0451a746d8a687720452e5
main,Priests,x!!cv0,1,PortraitsPriests/L/x!!cv0L.bmp,PortraitsPriests/M_zoomed/x!!cv0M.bmp,x!!cv0L.bmp,x!!cv0M.bmp,3aa706a52bd2ef50dd79a033e33fd015ad857bac1a7e88413e12ff63438d689e,c80a610151d7c5de50dd36907e2825a2d9fcb9f9c1cbcbf611438461273edeb5
main,Priests,x!!cx0,1,PortraitsPriests/L/x!!cx0L.bmp,PortraitsPriests/M_zoomed/x!!cx0M.bmp,x!!cx0L.bmp,x!!cx0M.bmp,85fb52740978cdb37ba5aabdf3375cd428eed151ecbaf5f54a3f5800e03e89cb,2e914d24aea2b9fe97da291666642c1f84533e501edbd7f5034094dcc60641b2
main,Priests,x!#cy0,2,PortraitsPriests/L/x!#cy0L.bmp,PortraitsPriests/M_zoomed/x!#cy0M.bmp,x!#cy0L.bmp,x!#cy0M.bmp,ee6e08e6592f834b711075923df5e435bc67af5ef3b342ddf3de6027fc5994c7,c27d0bbb5e9377a19cbb30276a1860ea3efc9f8ab8bfc36e4b07e64d3d77d044
main,Priests,x!#cy2,2,PortraitsPriests/L/x!#cy2L.bmp,PortraitsPriests/M_zoomed/x!#cy2M.bmp,x!#cy2L.bmp,x!#cy2M.bmp,db248d500e2e9b980aff285a9993bcf1bd58b089f195e7c531281d1dfd61b72b,36b956d579c33b18d45b645ed8ec66c8c3faa812c5c5b3e84e7b61f5ffaa951d
main,Priests,x!!cy0,1,PortraitsPriests/L/x!!cy0L.bmp,PortraitsPriests/M_zoomed/x!!cy0M.bmp,x!!cy0L.bmp,x!!cy0M.bmp,5b9c27d0d8c54dfea52ab4b291f12f2128683652bac510349e2f79a342ff8a37,4cf17be287bb568531f5f4f1cb917b8f7ffcf921b11d9059f979f3ec6497283c
main,Priests,x!#cz0,2,PortraitsPriests/L/x!#cz0L.bmp,PortraitsPriests/M_zoomed/x!#cz0M.bmp,x!#cz0L.bmp,x!#cz0M.bmp,1f3a993f03bd37dcd149a6143ff1ea845c90daf4d493be14c0ea609f0a6399e0,a08b7baa7a896675502c6a8f59265c7967c5910f7d3c238e911f662ad21e8aac
main,Priests,x!!cz0,1,PortraitsPriests/L/x!!cz0L.bmp,PortraitsPriests/M_zoomed/x!!cz0M.bmp,x!!cz0L.bmp,x!!cz0M.bmp,cde2e368e420124987b7a0684fd31c466e6b77a615c975db5cf294500676cfc1,8516aacd65aeebb0799c72320764f278e079bf518fb932faa5829a9221c51be8
main,Priests,x!!cz2,1,PortraitsPriests/L/x!!cz2L.bmp,PortraitsPriests/M_zoomed/x!!cz2M.bmp,x!!cz2L.bmp,x!!cz2M.bmp,e3feb6a3cfe67b1124f23c54704c398efc64357fdb03af2afde30895f2f236e6,d6464ee5f68c094343a336c0ccde96bfbec8053d0e2d56dab2751919faf78673
main,Priests,x!!d00,1,PortraitsPriests/L/x!!d00L.bmp,PortraitsPriests/M_zoomed/x!!d00M.bmp,x!!d00L.bmp,x!!d00M.bmp,e5df99bb5e543f1fdbfffc2338b94d07d5c605a04f091011d2f955435538cf38,5652476d0d97c0aa7ec41f88b1de3684fa3a3d684ad43947d7e6e5d85ce73a6f
main,Priests,x!!d02,1,PortraitsPriests/L/x!!d02L.bmp,PortraitsPriests/M_zoomed/x!!d02M.bmp,x!!d02L.bmp,x!!d02M.bmp,899e95118fb445b52f9c944bd68b3d54bb6c8325ef6bdbf942bfa369e9d3c4c1,65b4fe0e6619960c7891e5a763966a290d283f0c28b1144e966ec536df7855fe
main,Priests,x!!d04,1,PortraitsPriests/L/x!!d04L.bmp,PortraitsPriests/M_zoomed/x!!d04M.bmp,x!!d04L.bmp,x!!d04M.bmp,51ec78a720abb6d940027602056e0f44acb14ed41ba07457bf85be01afc56c74,f3b402558cc90751524f72316d2478177ea70bfcc79fd34993344bfbb79a382a
main,Priests,x!#da0,2,PortraitsPriests/L/x!#da0L.bmp,PortraitsPriests/M_zoomed/x!#da0M.bmp,x!#da0L.bmp,x!#da0M.bmp,6c326934d7c354c8b298d2071d3db7aef0c1032c02c848e560289902718449d2,1e2483ebd4ae7a04340ec71460a3893c44c0da9ff32c019325cd12bbcc5e90be
main,Priests,x!!da0,1,PortraitsPriests/L/x!!da0L.bmp,PortraitsPriests/M_zoomed/x!!da0M.bmp,x!!da0L.bmp,x!!da0M.bmp,f9ead2172c1db1f04edb8d90c80fbcec48643e9e40910f85cdc0d4ad1d99f2eb,d9a9a64e4032929f6a4da07a102fb34cec830c6eec25348d1c154fc2684a6f96
main,Priests,x!!da2,1,PortraitsPriests/L/x!!da2L.bmp,PortraitsPriests/M_zoomed/x!!da2M.bmp,x!!da2L.bmp,x!!da2M.bmp,7c3644ad35412fb2c0d4a606d13ba482580752cb143ac2ffb21a4b302f809b7f,761de3c9d9c6cd0959db0cc923cfa44a3904f267e641e0aa793394cbba5f3ffe
main,Priests,x!#db0,2,PortraitsPriests/L/x!#db0L.bmp,PortraitsPriests/M_zoomed/x!#db0M.bmp,x!#db0L.bmp,x!#db0M.bmp,c296aea5b82ac386d12c5f6e88067f8a9299dd9d982c6cb0cb6afbda5f064036,1fdd847bf94187d1451d17577263289dc108784b8b78c0ae860c33f12bbee315
main,Priests,x!!db0,1,PortraitsPriests/L/x!!db0L.bmp,PortraitsPriests/M_zoomed/x!!db0M.bmp,x!!db0L.bmp,x!!db0M.bmp,af55b0907eb9961e2f61a148705a11ea7ca133f56f426db16c05e84a23dc2684,e8c61553fcdf730e2674b5770e7150ef05bc2a803520498732b61d07f64aaf6c
main,Priests,x!!db2,1,PortraitsPriests/L/x!!db2L.bmp,PortraitsPriests/M_zoomed/x!!db2M.bmp,x!!db2L.bmp,x!!db2M.bmp,df570f697cc196d8855cef726ce618d92383622dea4e92c8edcf085aa3de7814,5de66dc3d1d5e65aacdb09457191aceb0c32a7563f7fd6948734121d73ee2b15
main,Priests,x!#dd0,2,PortraitsPriests/L/x!#dd0L.bmp,PortraitsPriests/M_zoomed/x!#dd0M.bmp,x!#dd0L.bmp,x!#dd0M.bmp,6912e21135e98d6c03a0e95f602b2d48a8b6ec0bc53bbc508ffb94593ca2760e,5e3a5cd39a556deee6908bc008b6daaac99af190926631069c69dd9f388bf57f
main,Priests,x!#df0,2,PortraitsPriests/L/x!#df0L.bmp,PortraitsPriests/M_zoomed/x!#df0M.bmp,x!#df0L.bmp,x!#df0M.bmp,5c304a55cc1702add10e455a1a9d01022e82c659f49786e42a4716c53a415c75,16133e7e1e8641d6408a09b99c8c3389b31e73e0d0c72309c3af40e422a5b338
main,Priests,x!!df0,1,PortraitsPriests/L/x!!df0L.bmp,PortraitsPriests/M_zoomed/x!!df0M.bmp,x!!df0L.bmp,x!!df0M.bmp,f010961f4def9071cc5c365c8c91725e22d34beea30a9f93ac2569e9e2e2c39b,2504b4ccd251e59b5a3aceea46da102141f38147ee7c367bf1ea15028223e74b
main,Priests,x!!di0,1,PortraitsPriests/L/x!!di0L.bmp,PortraitsPriests/M_zoomed/x!!di0M.bmp,x!!di0L.bmp,x!!di0M.bmp,b7add2438dc9e41c71e89fb8360ead5a4bc51853fc478ed2dfa47bd6356a0880,ba2f95318c0b969ef6e9da6f023d1269b5d1e524366a55e3aa19fdf57e1e660a
main,Priests,x!!di2,1,PortraitsPriests/L/x!!di2L.bmp,PortraitsPriests/M_zoomed/x!!di2M.bmp,x!!di2L.bmp,x!!di2M.bmp,f0bb951a57b6cea0a0e26ca32eeea58fb388f1e45a22890da3b0c78440c053c6,6beac9a0b826ffd7701e40ccfbfce71282f580b44bff8a3014af9171ba6b4478
main,Priests,x!#dk0,2,PortraitsPriests/L/x!#dk0L.bmp,PortraitsPriests/M_zoomed/x!#dk0M.bmp,x!#dk0L.bmp,x!#dk0M.bmp,433d0ad6b0d0fc6e4be5ca4ad9a12a7b1f982f4966c25ee2ae8b6250a012f1c0,2ce18de34f9f7bec0f919c87438af96ca03dd49be43f66ebfb8dda00ff54527b
main,Priests,x!#dk2,2,PortraitsPriests/L/x!#dk2L.bmp,PortraitsPriests/M_zoomed/x!#dk2M.bmp,x!#dk2L.bmp,x!#dk2M.bmp,567b5d7973bf380edaceb38cfbbf22687c60583b11aa713b19348dab5eea527a,1d31a738eb6d6d127cb4001bcc544add676a203424c2866518a101812af98718
main,Priests,x!#dk3,2,PortraitsPriests/L/x!#dk3L.bmp,PortraitsPriests/M_zoomed/x!#dk3M.bmp,x!#dk3L.bmp,x!#dk3M.bmp,f3c0a259a35e6171a494704d811cf394a31b3ef34d758d0910ccd16d25377b87,118895f6daa405036a3656d7bbe0201afd9bf07719dcf47aee9bf94cbb5d4226
main,Priests,x!!dl0,1,PortraitsPriests/L/x!!dl0L.bmp,PortraitsPriests/M_zoomed/x!!dl0M.bmp,x!!dl0L.bmp,x!!dl0M.bmp,bbbb0d3b988d4bd4c0233254635b881605edb57dac1a9c9ba8a826a26cc88ae1,a13ffcdf07a1f96cdaa35655803d27c55607f0e8121bec9862dda231940f0b4d
main,Priests,x!#dm0,2,PortraitsPriests/L/x!#dm0L.bmp,PortraitsPriests/M_zoomed/x!#dm0M.bmp,x!#dm0L.bmp,x!#dm0M.bmp,269e1e4335c93603911848c3d2c7e7e14a34073ccc05b199cfdab067315beb89,97a9c59f387eac7f6d9f41bd76c9e9077c7b65c9d4d1b3f2526c4dff2627fdb6
main,Priests,x!#dm2,2,PortraitsPriests/L/x!#dm2L.bmp,PortraitsPriests/M_zoomed/x!#dm2M.bmp,x!#dm2L.bmp,x!#dm2M.bmp,b4d59ba711de19f82a81bd06f54f183e107494ddc869a7be09001d308f3c8c64,71d47463be4376a9b853bd7058509c74efd1e9fd307b2070bb664b50aef7c3bf
main,Priests,x!#dm4,2,PortraitsPriests/L/x!#dm4L.bmp,PortraitsPriests/M_zoomed/x!#dm4M.bmp,x!#dm4L.bmp,x!#dm4M.bmp,67c990763efc8f746a2b35d1e6267016182a80bf873f42beb3e485e371e8e5c5,ec86500dae54caca0db494387d718ce9383ad296cbbba1769b6180c6a0b6b502
main,Priests,x!#dp0,2,PortraitsPriests/L/x!#dp0L.bmp,PortraitsPriests/M_zoomed/x!#dp0M.bmp,x!#dp0L.bmp,x!#dp0M.bmp,bda282a0ef05299c50d4d44ff86c6fd20e8e448879d27d17486202544295b3f0,d776b2900077a2d1413f511e4c3dc78edb1d8e6fd90866cfce16a39715ebd0b7
main,Priests,x!!dp0,1,PortraitsPriests/L/x!!dp0L.bmp,PortraitsPriests/M_zoomed/x!!dp0M.bmp,x!!dp0L.bmp,x!!dp0M.bmp,5fd736eca3ef8dd749409f4ad9c1dc2d148dd0ed132638c8233c704694701a34,63a19f0df0d4b696bcd62b7a32477dcfe04c11cd75ef4ef58b93fffed03791bb
main,Priests,x!#ds0,2,PortraitsPriests/L/x!#ds0L.bmp,PortraitsPriests/M_zoomed/x!#ds0M.bmp,x!#ds0L.bmp,x!#ds0M.bmp,8f96e79958bcb12d3ec0157589f5433f96fd9156070b7965c78d6b0f713537b1,b6b73ab4de590a6b3795f3aeb94d2ac8502d1b7ce8b7b655e867fc4ea8e0f41d
main,Priests,x!!ds0,1,PortraitsPriests/L/x!!ds0L.bmp,PortraitsPriests/M_zoomed/x!!ds0M.bmp,x!!ds0L.bmp,x!!ds0M.bmp,019ab6964ee4b4d29a1aba6a1c70ed0a9400cce65a59a5d843b5adbffffa9055,940a0b4255a34315f88c6a25c789435d1a76a4bb9a0444ee631d530a1eab4ec8
main,Priests,x!#dv0,2,PortraitsPriests/L/x!#dv0L.bmp,PortraitsPriests/M_zoomed/x!#dv0M.bmp,x!#dv0L.bmp,x!#dv0M.bmp,9eddae17cef58d3db5ccbda23b096e99f1c0fc871353eb34070e5e97ed80f0c8,40e8497f960b7b7c36225a69bab15cc53b833e758e8379c0ab4be782fbe33253
main,Priests,x!#dv2,2,PortraitsPriests/L/x!#dv2L.bmp,PortraitsPriests/M_zoomed/x!#dv2M.bmp,x!#dv2L.bmp,x!#dv2M.bmp,23232cf60fe78cf43b87b66e4bc098ab3665c594d74c28675692c4972be9df50,2ed992bae108c6843c826566c51be2691063b167bf56330dedc209afb2f1b8c8
main,Priests,x!#dv4,2,PortraitsPriests/L/x!#dv4L.bmp,PortraitsPriests/M_zoomed/x!#dv4M.bmp,x!#dv4L.bmp,x!#dv4M.bmp,e1444fec1d312656d6da4b630332a57713b30735978156be38887417690513fa,d362ef26c8f5a500640b887863d3f5bb7b499531ea88c1c0488399d4ff5d2441
main,Priests,x!#dw0,2,PortraitsPriests/L/x!#dw0L.bmp,PortraitsPriests/M_zoomed/x!#dw0M.bmp,x!#dw0L.bmp,x!#dw0M.bmp,5980d377d71ffe2a8c37d78a964b37e1f2fab1f0133b2551ea83f15513cf6d80,a421be55cd6e77f68ac10090eb22e2f24a1c062084b3a7735178a087710c13ba
main,Priests,x!#dw2,2,PortraitsPriests/L/x!#dw2L.bmp,PortraitsPriests/M_zoomed/x!#dw2M.bmp,x!#dw2L.bmp,x!#dw2M.bmp,06701c2bf45481fb6b04c2e6f4977b85207042a2a3ae46145a48acfc02a6c696,3600131c098084a716ecbed13e57c567975ad4525922ec38b0ae2bfd475b6dc0
main,Priests,x!!dw0,1,PortraitsPriests/L/x!!dw0L.bmp,PortraitsPriests/M_zoomed/x!!dw0M.bmp,x!!dw0L.bmp,x!!dw0M.bmp,44473c8fb8122ecda06027ba79de2c5f41262bf17409315ba9c6898146b0b22b,e060f7ef6089f41fdfa7fd5db71ca6a53ebfbb7154eaa3a6ba644140a4561008
main,Priests,x!!dw2,1,PortraitsPriests/L/x!!dw2L.bmp,PortraitsPriests/M_zoomed/x!!dw2M.bmp,x!!dw2L.bmp,x!!dw2M.bmp,0c4042224cf545be338d987de179ca43334ea30cba32466d44a5caee145d3b16,4d4b67856746762381e54727b27f0e066629b8b00edf2ea4fc1e15dc5f2c8c23
main,Priests,x!#s00,2,PortraitsPriests/L/x!#s00L.bmp,PortraitsPriests/M_zoomed/x!#s00M.bmp,x!#s00L.bmp,x!#s00M.bmp,eb0358b10bb3a2f925cc001c6a8f76b0fbb01838747e6ea61e185cf8dfc6b8a4,dd817a85f4617a04660f32dedbb28d230d1f2eca224a4c49da1a40a557c0ee18
main,Priests,x!#s04,2,PortraitsPriests/L/x!#s04L.bmp,PortraitsPriests/M_zoomed/x!#s04M.bmp,x!#s04L.bmp,x!#s04M.bmp,b2766a01ecf302153580633f32c969a012190d1eb8f6b6d9e0087c116eb56702,176a72d2cbbae8385c294e070cf51be02d0eb1863eced5cda3c2d07e6ab10953
main,Priests,x!!s00,1,PortraitsPriests/L/x!!s00L.bmp,PortraitsPriests/M_zoomed/x!!s00M.bmp,x!!s00L.bmp,x!!s00M.bmp,19f1ead4aa8e0eafd73c6589540dc2a61da571d11fa5cac48124ddf24b6a3c7b,9f561a5024337be592ead9d668725c2ff7d4c8803d52702d21445d4cb7eb7664
main,Priests,x!!s02,1,PortraitsPriests/L/x!!s02L.bmp,PortraitsPriests/M_zoomed/x!!s02M.bmp,x!!s02L.bmp,x!!s02M.bmp,ab0b04bcf966baf0a4142054f8fef3bb1db1e383aa624a57f6ae215db744f224,8aa28e63968c0c8304a53e67303bd39e277df9218e9c937fd3981e1e45d7a35e
main,Rogues,x!#t00,2,PortraitsRogues/L/x!#t00L.bmp,PortraitsRogues/M_zoomed/x!#t00M.bmp,x!#t00L.bmp,x!#t00M.bmp,0572181ff23998d927c6ded3b2033e1efe022b9e933ee45afa6b14f173fc24b9,19688d4e6d58aede2eae54db846c545bd3b84852f46034c92d95ea114214b00a
main,Rogues,x!#t02,2,PortraitsRogues/L/x!#t02L.bmp,PortraitsRogues/M_zoomed/x!#t02M.bmp,x!#t02L.bmp,x!#t02M.bmp,13ddc15f287f830d580248accc021425f8714f878f930396a0dc0bcc7e63cd45,11446262eec36f16016462aaf4474540c350d4b9ae577d54c0484d48496d27b4
main,Rogues,x!#t04,2,PortraitsRogues/L/x!#t04L.bmp,PortraitsRogues/M_zoomed/x!#t04M.bmp,x!#t04L.bmp,x!#t04M.bmp,b827a77e66dd48b68d71937b405e9aa2619f59548f72b0d104f781247fe37bcd,ef8ba017d4883791174794f517423ed621a88db204eda0595fb3ef4b6c47bc6a
main,Rogues,x!#t06,2,PortraitsRogues/L/x!#t06L.bmp,PortraitsRogues/M_zoomed/x!#t06M.bmp,x!#t06L.bmp,x!#t06M.bmp,c0bf04b8b7b495f867429f916d185c05890bc875124091508067c711b1e11b5d,809e10ccf3661cab612ab70069a01cc98b04e680854098e56f1ff9a57142edd7
main,Rogues,x!!t00,1,PortraitsRogues/L/x!!t00L.bmp,PortraitsRogues/M_zoomed/x!!t00M.bmp,x!!t00L.bmp,x!!t00M.bmp,44989c1321897a0b7a3c2f0fb148e40dc62fc719282f8682764b1bf0cd7221db,fdc9433071547f469428f18ccd959527865fb5be542516f9bcfe309ec761d049
main,Rogues,x!!t02,1,PortraitsRogues/L/x!!t02L.bmp,PortraitsRogues/M_zoomed/x!!t02M.bmp,x!!t02L.bmp,x!!t02M.bmp,e9ae14175992705ad1aad8a06845f46dd3448e5539c4b47c75bf3ba3fff0d83c,ee5ffba6c676655a2f4456988367313a4850cbca052023267fae55de32a33fe2
main,Rogues,x!#tc0,2,PortraitsRogues/L/x!#tc0L.bmp,PortraitsRogues/M_zoomed/x!#tc0M.bmp,x!#tc0L.bmp,x!#tc0M.bmp,cceee108e84dbff0ad883084f08e13e9647cbab6bb4b3f3e375ade99d585131a,b4f1af90ae22dab5486b174ecb9021fe5d66ae5b6c60d11cc3c609a759899b1a
main,Rogues,x!#tc2,2,PortraitsRogues/L/x!#tc2L.bmp,PortraitsRogues/M_zoomed/x!#tc2M.bmp,x!#tc2L.bmp,x!#tc2M.bmp,e38981efa3ac8b9fad392554bccfc4d568c89bb9c8efff75363838640f743afa,32657dbf1ba19e416b3255e35bbd93a30f2ce51a1c11537d19ab7e720834484c
main,Rogues,x!#tc3,2,PortraitsRogues/L/x!#tc3L.bmp,PortraitsRogues/M_zoomed/x!#tc3M.bmp,x!#tc3L.bmp,x!#tc3M.bmp,d21fc2e98b9fd2788acb31916d9fdd67760319915303a377dc34518bc54b6f43,c2c4055b3b6b6fd5441c9b6221a08e68ce8d3c202bddcb61d0cd56c17396ec2d
main,Rogues,x!#tc4,2,PortraitsRogues/L/x!#tc4L.bmp,PortraitsRogues/M_zoomed/x!#tc4M.bmp,x!#tc4L.bmp,x!#tc4M.bmp,d524a48a5e8d4aa6bd7d52b91c14284679f8184eeb44458230356a205e219c25,fb014bc1eaf6ae0e96a7aa9144a0711444db970d9a189461e09679e1832e841f
main,Rogues,x!#tc6,2,PortraitsRogues/L/x!#tc6L.bmp,PortraitsRogues/M_zoomed/x!#tc6M.bmp,x!#tc6L.bmp,x!#tc6M.bmp,76305f1f1aee09a70e11ab5676fa80c99be2b92a989a394cddaa5891b2b775fd,dc3cbaa0aae96a813c669e1210d3c1baace446445e74b8a4aa9e9efc550935af
main,Rogues,x!!tc0,1,PortraitsRogues/L/x!!tc0L.bmp,PortraitsRogues/M_zoomed/x!!tc0M.bmp,x!!tc0L.bmp,x!!tc0M.bmp,cf0cb63b72304237185efd8603758e82daa1e2fd711de799d9f614153bba76de,d36378c60797ccfc0aaf7795a1f720fe72b886f3670a098ae4b37404ae39c120
main,Rogues,x!!tc2,1,PortraitsRogues/L/x!!tc2L.bmp,PortraitsRogues/M_zoomed/x!!tc2M.bmp,x!!tc2L.bmp,x!!tc2M.bmp,51d5d9759b0bad2471c3a93aec8f8a04cef748626c14c243208cd20803bbeb6d,06522dad7c42529a7ef398af533e9b928c1156a57234270875e1c268329f3675
main,Rogues,x!!tc4,1,PortraitsRogues/L/x!!tc4L.bmp,PortraitsRogues/M_zoomed/x!!tc4M.bmp,x!!tc4L.bmp,x!!tc4M.bmp,04435049bafe4d5bfad949cbcdf85c596af465ee5bbefcf85b69ad753dba5890,d5ab5b913233ad6de0e0a8de1b28dc562fcc31516571726e64fb7cacf70fe19a
main,Rogues,x!#tn0,2,PortraitsRogues/L/x!#tn0L.bmp,PortraitsRogues/M_zoomed/x!#tn0M.bmp,x!#tn0L.bmp,x!#tn0M.bmp,636cef3ac2b36960d5ad39d6ba04381b9304aa1987c87fef2d8b1c4c4120aac0,08d161353af91e83240e154d458edfd94219d8ab56ea47b2eaab6bc56e313fe9
main,Rogues,x!#tn2,2,PortraitsRogues/L/x!#tn2L.bmp,PortraitsRogues/M_zoomed/x!#tn2M.bmp,x!#tn2L.bmp,x!#tn2M.bmp,0abbde4b28a46f18d378bbeec9df0fdec577c91e1e31551e366119a218f26cd9,50fc2b155b8062bb8c9f2b6088bcc62364a434b5571c49cdbaebfbf1be2a7506
main,Rogues,x!#tn4,2,PortraitsRogues/L/x!#tn4L.bmp,PortraitsRogues/M_zoomed/x!#tn4M.bmp,x!#tn4L.bmp,x!#tn4M.bmp,ca89ad5998efe82d72279011c26c39a79d0cd497788ec3461556136c1006c44d,1a213390ed4d367923879d8534d14f10953008b671995d4dac58f66239f54a40
main,Rogues,x!!tn0,1,PortraitsRogues/L/x!!tn0L.bmp,PortraitsRogues/M_zoomed/x!!tn0M.bmp,x!!tn0L.bmp,x!!tn0M.bmp,fa6697ac87e2c57ea55d54650d861f88cab1c8df41539519f03e6b6172e11598,c715c2e9d63ef39ce9d820cf8cf4a5bc932121cb8caef79a2b86711a51902f8d
main,Rogues,x!!tn2,1,PortraitsRogues/L/x!!tn2L.bmp,PortraitsRogues/M_zoomed/x!!tn2M.bmp,x!!tn2L.bmp,x!!tn2M.bmp,47215748546041d367358d3966fd9b53a369d20342ddcf360be5c51d14f31d2b,c14a50c6ce0da5af61c2bde2ef6c63764f122090a1091055e93c9f5bc713af61
main,Rogues,x!!tn4,1,PortraitsRogues/L/x!!tn4L.bmp,PortraitsRogues/M_zoomed/x!!tn4M.bmp,x!!tn4L.bmp,x!!tn4M.bmp,6127752b43a2ad6fa8b30ff356707c25bac149824ae8d3eb824824fb9fdeba3d,6acde466f2beed0a5906ca84bef5e3c36483e0ce78723d680f3d36d86cb98e81
main,Rogues,x!!tn6,1,PortraitsRogues/L/x!!tn6L.bmp,PortraitsRogues/M_zoomed/x!!tn6M.bmp,x!!tn6L.bmp,x!!tn6M.bmp,f491dd77da1ca66d020c8d2eed10356bed923a209f82e85e0f3ca3007069833f,673468e6e879d92ac507f91e347e47f0e678e24409c2b27c417e19754e0b3a99
main,Rogues,x!#ts0,2,PortraitsRogues/L/x!#ts0L.bmp,PortraitsRogues/M_zoomed/x!#ts0M.bmp,x!#ts0L.bmp,x!#ts0M.bmp,21273ab0100243c13b4224f0fc9227b48cdc76ac1ebbb4b541d15fe315af4ce1,a3a3f99f1de804f7946cada691fe22e229e16c854d2e19649276ccae18dc3f2a
main,Rogues,x!#ts2,2,PortraitsRogues/L/x!#ts2L.bmp,PortraitsRogues/M_zoomed/x!#ts2M.bmp,x!#ts2L.bmp,x!#ts2M.bmp,bfe2d439c2cc432430c7a0dc8fc67f22dec45c3f1ebdef0d54acc7508bbd41a0,45e963285e1ab09c7b2ac6634d1b36563ee1149f65ed92d669882586e6218b10
main,Rogues,x!#ts4,2,PortraitsRogues/L/x!#ts4L.bmp,PortraitsRogues/M_zoomed/x!#ts4M.bmp,x!#ts4L.bmp,x!#ts4M.bmp,ddaf878516c4f7b620bb6a49ea907190a6de61bf7bc244d65e5c5994883e99d7,93b24d701b077eea65f3db9e2ef37b9de511847f50f4e4c882cc8bf992ef7fc9
main,Rogues,x!!ts0,1,PortraitsRogues/L/x!!ts0L.bmp,PortraitsRogues/M_zoomed/x!!ts0M.bmp,x!!ts0L.bmp,x!!ts0M.bmp,778416c93ec5bedd8ee1f6550390a01f7660bea3fe3a6bd09283764007cc19a8,9e6554232578cd55fd58e2cc7ce90b66bc2270a593cdf1d996f487b40203a9ad
main,Rogues,x!#tv0,2,PortraitsRogues/L/x!#tv0L.bmp,PortraitsRogues/M_zoomed/x!#tv0M.bmp,x!#tv0L.bmp,x!#tv0M.bmp,65040b3665cb74c86c14cec7d652f706501941427a22f6caa10603cac9e252de,27a4037e716198daec721f9ac5b3cd3a1922edcf49d21252baff31273c92afba
main,Rogues,x!#tv2,2,PortraitsRogues/L/x!#tv2L.bmp,PortraitsRogues/M_zoomed/x!#tv2M.bmp,x!#tv2L.bmp,x!#tv2M.bmp,8c777ee70bad948810e5b09c019633b225cddf53e7b478c519532469447159f3,e80c5fa5421c58c5d8e0f51c17c6b93bfa27aadc1cd1cd405eb96dc1c15a3e4a
main,Rogues,x!#tv4,2,PortraitsRogues/L/x!#tv4L.bmp,PortraitsRogues/M_zoomed/x!#tv4M.bmp,x!#tv4L.bmp,x!#tv4M.bmp,3315fb8fbce70634c190df8cf15910afb6c4f97c015e267b01397e3011d1d033,df54ca35e3d6a41020c0137a15ae2cc72ad8b4331c858fef93494012dea6693a
main,Rogues,x!#tv6,2,PortraitsRogues/L/x!#tv6L.bmp,PortraitsRogues/M_zoomed/x!#tv6M.bmp,x!#tv6L.bmp,x!#tv6M.bmp,968aea2b04e619a4029d9f42502fd3dcc7c8277de469792276f446044ccde323,6957e52e1752c72d2eec43c47b98b057aeef4d0ce308c5947b3c51e90c24687b
main,Rogues,x!!tv0,1,PortraitsRogues/L/x!!tv0L.bmp,PortraitsRogues/M_zoomed/x!!tv0M.bmp,x!!tv0L.bmp,x!!tv0M.bmp,f00b86626e68fe59ed3cc92437e024018253dd6630d7bcdab3db9ee6dada3a1a,038b3b9e8ea459ab033c13cf6372a7e523297e6ed4709df1d5bd7f5abd1ce5fc
main,Rogues,x!!tv2,1,PortraitsRogues/L/x!!tv2L.bmp,PortraitsRogues/M_zoomed/x!!tv2M.bmp,x!!tv2L.bmp,x!!tv2M.bmp,a979c4e36a8a7b5d66ed20dc8376beb53bac872b0e70ad6c85dd810758ed7002,ff9c6e31e9b0f9fe25c51e537027a637c1fa1852bcc6e6365086982f47696bfc
main,Rogues,x!!tv4,1,PortraitsRogues/L/x!!tv4L.bmp,PortraitsRogues/M_zoomed/x!!tv4M.bmp,x!!tv4L.bmp,x!!tv4M.bmp,62200915211df28b8b5bb6dcd73be7980c822beef91ca7aa1d65658c1931431a,8c2966e1c905c9db9fc03b183fdbac6395345734095a85e6fa4ad22339adb579
main,Rogues,x!!b00,1,PortraitsRogues/L/x!!b00L.bmp,PortraitsRogues/M_zoomed/x!!b00M.bmp,x!!b00L.bmp,x!!b00M.bmp,1c5d08869af410f5430166bfcec2f9a6af951ae9f8011f75dcdef11814839039,8218049d9166493c7a463fc3a68a65a2bd123c4729d9222e075fe1d8953bcff4
main,Rogues,x!!b02,1,PortraitsRogues/L/x!!b02L.bmp,PortraitsRogues/M_zoomed/x!!b02M.bmp,x!!b02L.bmp,x!!b02M.bmp,dd9543c1ef03abbc76fa7eb6bbc428a2eb0bd760af95fba86d10c2a6450fa159,0faeddd7bfa78a22628229ac64f27cdf2a000b114b84971903d03111bc207797
main,Rogues,x!!b04,1,PortraitsRogues/L/x!!b04L.bmp,PortraitsRogues/M_zoomed/x!!b04M.bmp,x!!b04L.bmp,x!!b04M.bmp,9eee4a169c815d0cccbb46d85e8c1ca705e39cfb9153019ef89462729b6b4e62,7c75a3ee251937f5de64d8ae1f612124250f638ecf87c060ac74ea24b66bf2b2
main,Rogues,x!#bf0,2,PortraitsRogues/L/x!#bf0L.bmp,PortraitsRogues/M_zoomed/x!#bf0M.bmp,x!#bf0L.bmp,x!#bf0M.bmp,41f1f58e63a6034a045722b8448120bf60380fc81d75d9622706abad5415ce63,5678f297620a1dffb62dd407372a45b64b7e752dd1ffd85b6e0b57ad1b30486b
main,Rogues,x!#bf2,2,PortraitsRogues/L/x!#bf2L.bmp,PortraitsRogues/M_zoomed/x!#bf2M.bmp,x!#bf2L.bmp,x!#bf2M.bmp,2dd5dc7d9959f7dfe85dd832571b3d454ac6f80b28bfa10333861282f53b3218,981e13d28bc324e74fdae98a1ed1b969f866efe9ea18b04fe2a1ec229bb85f2f
main,Rogues,x!#bfi,2,PortraitsRogues/L/x!#bfiL.bmp,PortraitsRogues/M_zoomed/x!#bfiM.bmp,x!#bfiL.bmp,x!#bfiM.bmp,8fbac44a1762b06209751ce01c5124867d1b119242a5dcac726307e05820a0a0,45e3e0f198866705a5b61566a73df790f2ec0bdbca32e6000d4bdb250b75f74b
main,Rogues,x!#bfk,2,PortraitsRogues/L/x!#bfkL.bmp,PortraitsRogues/M_zoomed/x!#bfkM.bmp,x!#bfkL.bmp,x!#bfkM.bmp,db3fe82f72cb5d6e303d6d4cee14a51f6084821877b37b83c4c42d79609c20e6,8f1262b25d24623e553c26a4842296a494fe468ee0265d1d224c3b053a73c199
main,Rogues,x!#bfl,2,PortraitsRogues/L/x!#bflL.bmp,PortraitsRogues/M_zoomed/x!#bflM.bmp,x!#bflL.bmp,x!#bflM.bmp,671c73ff9e9b3fdeac17377f2a1c590e0260b18de7bd78e57aaaa883caa4cc4f,e9b2e516f0f1fef8938e92ad11896ad0566e583c9d0d311329c1bb66da410b3c
main,Rogues,x!!bfi,1,PortraitsRogues/L/x!!bfiL.bmp,PortraitsRogues/M_zoomed/x!!bfiM.bmp,x!!bfiL.bmp,x!!bfiM.bmp,e765e076d44cb8ff8fd7cc020f3100b1d24694de3ffc55757af6a1752adebaff,8c5f455cfb258bd906cbc8c6ecd6f9b36b3adc7d5e5ca6477557511efb2634db
main,Rogues,x!!bfk,1,PortraitsRogues/L/x!!bfkL.bmp,PortraitsRogues/M_zoomed/x!!bfkM.bmp,x!!bfkL.bmp,x!!bfkM.bmp,7616b9d3e6f97f21875977bdde7282d73304f3ec6e9e2edb9335c77cb68b667a,8b1d49d6c5cdb94ac9cbf2d8eeb2aad03864c0cf44104fbed000cf691b019e54
main,Rogues,x!!bg0,1,PortraitsRogues/L/x!!bg0L.bmp,PortraitsRogues/M_zoomed/x!!bg0M.bmp,x!!bg0L.bmp,x!!bg0M.bmp,9c58304c8734765911679a7dcc8454f33b365f4540cd758e9549113c65d510fa,99785da589f6c2b14deceb24aa54d841193ba9bf666d648b76c36bb3f899fc24
main,Rogues,x!!bh0,1,PortraitsRogues/L/x!!bh0L.bmp,PortraitsRogues/M_zoomed/x!!bh0M.bmp,x!!bh0L.bmp,x!!bh0M.bmp,6eec3eac41520475714a5b7d57293e90f378ddeb21b053fc1ace5038c7930b42,2dbf23646e1e5f500b2f1cd381ac01270d8328ff86e20b7d89c09a125da93f1c
main,Rogues,x!!bi0,1,PortraitsRogues/L/x!!bi0L.bmp,PortraitsRogues/M_zoomed/x!!bi0M.bmp,x!!bi0L.bmp,x!!bi0M.bmp,a2035c151930b800bf9dccadee3020074ea52696f84f9221185b2726410a5a6c,4bebb8ae5e09407588a8217079e3f8bcf42f597ea809c891ca4bb062cc9697fc
main,Rogues,x!#bl0,2,PortraitsRogues/L/x!#bl0L.bmp,PortraitsRogues/M_zoomed/x!#bl0M.bmp,x!#bl0L.bmp,x!#bl0M.bmp,ffa4dce3534358dd71723e44749c270707335bec538e7ab7ca68abda3ca21b84,23e7379ecee18f3d1d67e8d86623f10e80b9ec3f57cafdc4e487520cc8e8d347
main,Rogues,x!#bl2,2,PortraitsRogues/L/x!#bl2L.bmp,PortraitsRogues/M_zoomed/x!#bl2M.bmp,x!#bl2L.bmp,x!#bl2M.bmp,2704b2b4708c3a9f60bdffa09d30d4cf7cb4d6d74986034dd8c6df0e5167d786,1520041b1ab5fc010c3fa54bc3aca5d82a104c643768fd9be19da30b564e19b7
main,Rogues,x!#bl6,2,PortraitsRogues/L/x!#bl6L.bmp,PortraitsRogues/M_zoomed/x!#bl6M.bmp,x!#bl6L.bmp,x!#bl6M.bmp,7f21c7d4ed47cf239429a87aef9c5829f0ac71ddfba1816c827806ada9bcc098,af6e667cdfed9dd139220347887e79ed70207e559b2a5e612e493ff2a8b1be19
main,Rogues,x!#bli,2,PortraitsRogues/L/x!#bliL.bmp,PortraitsRogues/M_zoomed/x!#bliM.bmp,x!#bliL.bmp,x!#bliM.bmp,89345c195a709bd55bac30c69c223cadaad93ebfac98df9f46f143d03147bac6,94b192f7492da34b591c5b0a33b20efd0a4be6a23c0768702f82fa8020d9114b
main,Rogues,x!#blk,2,PortraitsRogues/L/x!#blkL.bmp,PortraitsRogues/M_zoomed/x!#blkM.bmp,x!#blkL.bmp,x!#blkM.bmp,0c98241f051dafebb22c01efe4e1391105bdaac4986d7cdac5f88723bb5aaaf1,0e7565feffc8065003a00ccb0b27195ce77395e732db01fbf51a07e9ed8ae64d
main,Rogues,x!#blm,2,PortraitsRogues/L/x!#blmL.bmp,PortraitsRogues/M_zoomed/x!#blmM.bmp,x!#blmL.bmp,x!#blmM.bmp,749df8efc82209510ddbd113e16b8f94076466851e79d11071badc910edae413,e9f05a6298a38b8117a126de59e4dcb23eb017666fce261899fb3805cb11c707
main,Rogues,x!#bln,2,PortraitsRogues/L/x!#blnL.bmp,PortraitsRogues/M_zoomed/x!#blnM.bmp,x!#blnL.bmp,x!#blnM.bmp,90b6dfeabcf7cd9fc5b08902f0fa142598cb5a88cde1dc42145c9527d99609c7,9793f98a4622bb197db3ea6db7cab06ac0f6242f9615fd54ba1adc849e3101a2
main,Rogues,x!#blo,2,PortraitsRogues/L/x!#bloL.bmp,PortraitsRogues/M_zoomed/x!#bloM.bmp,x!#bloL.bmp,x!#bloM.bmp,7be197774065a803ea207b3755c0714acc0e6681719138282ce064bff1a38297,c340778c5803b8ebb9da40d272eb57cf777ab084aec39c9dd9829bbad96740a7
main,Rogues,x!!bl0,1,PortraitsRogues/L/x!!bl0L.bmp,PortraitsRogues/M_zoomed/x!!bl0M.bmp,x!!bl0L.bmp,x!!bl0M.bmp,4a2b934e4c6b66f82b4c3a4fab42ef8b97caedf5d32bd4e624ba48ee4a09e427,9b5992928304c1b6e2ac00773720407d34bd47fe675e7c53f9eb37da96f06eaf
main,Rogues,x!!bl2,1,PortraitsRogues/L/x!!bl2L.bmp,PortraitsRogues/M_zoomed/x!!bl2M.bmp,x!!bl2L.bmp,x!!bl2M.bmp,e4c29c1b883833cc3e25d936a88ffd124bcec94ce2d11daea542010b5c9b1fdb,f35eb3e095089cab2eddc70160728a306a4138c61d795f3ff7172db5d743a4e1
main,Rogues,x!!bl4,1,PortraitsRogues/L/x!!bl4L.bmp,PortraitsRogues/M_zoomed/x!!bl4M.bmp,x!!bl4L.bmp,x!!bl4M.bmp,dcf5f336a082992388a3eaef5c83dd8f6b0a686cfc1b75015d235f2aa3b9ffac,475655242a20d90542ae4198e41411d3a0deb6b3768b2203e2d758802460e6b3
main,Rogues,x!!bli,1,PortraitsRogues/L/x!!bliL.bmp,PortraitsRogues/M_zoomed/x!!bliM.bmp,x!!bliL.bmp,x!!bliM.bmp,adafc6f76e789b1ee1ffdde7c01ad2b990f9974014fd6ba033ef621a1d54cbd7,17de7e734b8adf1254a15709e9429202d09e939316fc69f7993a1d2b21e15d33
main,Rogues,x!#bm0,2,PortraitsRogues/L/x!#bm0L.bmp,PortraitsRogues/M_zoomed/x!#bm0M.bmp,x!#bm0L.bmp,x!#bm0M.bmp,c8d9066fe79b54ddadcf2a16cbb258ce9d3b78669a2e5bc444b1bfcd35b152cf,115d8f5b2b64a8bd88decdb6253e3e565d996c96abf85ee3bad72055ba672e06
main,Rogues,x!!bm0,1,PortraitsRogues/L/x!!bm0L.bmp,PortraitsRogues/M_zoomed/x!!bm0M.bmp,x!!bm0L.bmp,x!!bm0M.bmp,567f1cdb2f71513d5da547939c23c537b4b3b173dfd3504060a48dc87e87b522,536d6f20875a0df336afd6d896ee2e7069e9ba121841cd268e7d2eeb57b4c189
main,Rogues,x!!bm2,1,PortraitsRogues/L/x!!bm2L.bmp,PortraitsRogues/M_zoomed/x!!bm2M.bmp,x!!bm2L.bmp,x!!bm2M.bmp,0d6c35a907d601720bab5c7ea4e3beb110ed0325060f304f489065fd975e0ff0,c3deb80a8d9d4feed6471449780b94698d342af9a73d969728fda0b995e26fce
main,Rogues,x!#bn0,2,PortraitsRogues/L/x!#bn0L.bmp,PortraitsRogues/M_zoomed/x!#bn0M.bmp,x!#bn0L.bmp,x!#bn0M.bmp,0de7ac582ed4c9577e7524a54da28ab99edbf8b5682c0a97561e4ed5e79b8178,9b93719388100775d19458017ab7b442e1cd886dbada8e7edb2dd1375c79482a
main,Rogues,x!#bo0,2,PortraitsRogues/L/x!#bo0L.bmp,PortraitsRogues/M_zoomed/x!#bo0M.bmp,x!#bo0L.bmp,x!#bo0M.bmp,1a08bdae453003c6b11315cee9321d25afaeb927ab9d85000155fba9a81c3ea6,ae11cea8836c7d8f7a12d282d57de1a7b72ab4df5f0e232e753ffc8b1a9c3768
main,Rogues,x!#bo2,2,PortraitsRogues/L/x!#bo2L.bmp,PortraitsRogues/M_zoomed/x!#bo2M.bmp,x!#bo2L.bmp,x!#bo2M.bmp,c84335f0c13e01d5aa2a73851d96bf6cd2dc757839745c87d1df0b8c5018b441,be56c8695586a1c0e809a59a67484d353117a562a05b20ac87a1aed2a8b540c2
main,Rogues,x!!br0,1,PortraitsRogues/L/x!!br0L.bmp,PortraitsRogues/M_zoomed/x!!br0M.bmp,x!!br0L.bmp,x!!br0M.bmp,e2aba8978ec89fb8b726bb203e174bf678ac7a2a31ad434b6bb85aa8383b922d,3f28057ffb44f5dac455dcec188ce138cc0ea4f05a0b67bbee083b463f2c4a7a
main,Rogues,x!#bt0,2,PortraitsRogues/L/x!#bt0L.bmp,PortraitsRogues/M_zoomed/x!#bt0M.bmp,x!#bt0L.bmp,x!#bt0M.bmp,63b83e92bc9981c919d23dc8614a59de9c634b645b1effc8c0d150e66e04847a,8f360c2640f0703475424127f8f2dbdbed72ce271eabb1bfe1ec5b34feb8c457
main,Rogues,x!!bt0,1,PortraitsRogues/L/x!!bt0L.bmp,PortraitsRogues/M_zoomed/x!!bt0M.bmp,x!!bt0L.bmp,x!!bt0M.bmp,6f662ff81e46a5c3201dd8b4ef4e360fa6249bff22a2e1448d4ae60284b90d0b,da80c48dd7a22f9eb9f86fb5cad04a44c389a812761b5d1354156184f05bd40f
main,Rogues,x!#bv0,2,PortraitsRogues/L/x!#bv0L.bmp,PortraitsRogues/M_zoomed/x!#bv0M.bmp,x!#bv0L.bmp,x!#bv0M.bmp,10d9c99a266ec1de8a587b621334646df08c1735d565e98d79ccd9bad0dcb6c9,ec93394c0cafc6fecb004afc54c85d9647e14e0bedeefb1c972eb88f6878dd84
main,Rogues,x!#bv2,2,PortraitsRogues/L/x!#bv2L.bmp,PortraitsRogues/M_zoomed/x!#bv2M.bmp,x!#bv2L.bmp,x!#bv2M.bmp,0d0ea41e1b0c42d2e51e308ccd08247d4e7c3e4cf881dce568f39ed76eb63096,3de27279a577d344c027bf15d20650e64f2760a3ceb7961c20c5828cb8b8178c
main,Rogues,x!!bv2,1,PortraitsRogues/L/x!!bv2L.bmp,PortraitsRogues/M_zoomed/x!!bv2M.bmp,x!!bv2L.bmp,x!!bv2M.bmp,eeccf9b7aa594468988100d72a8ad1f97976d99a00fad267c0a871c9df921b31,9fbb92f3d76797a19bef41a19ba7b6898c2e54dfe0a2f21884f1c32a7120f838
main,Rogues,x!!bv4,1,PortraitsRogues/L/x!!bv4L.bmp,PortraitsRogues/M_zoomed/x!!bv4M.bmp,x!!bv4L.bmp,x!!bv4M.bmp,fe68174c49b3b409b16454937596f576c1d05ad8a7e27547529da68edd699c57,c8e396c098b2b77b7fcca37fabb38ec21498d00cc5e65e05877e440f827d9ffd
main,Wizards,x!#wa0,2,PortraitsWizards/L/x!#wa0L.bmp,PortraitsWizards/M_zoomed/x!#wa0M.bmp,x!#wa0L.bmp,x!#wa0M.bmp,e1867f535608edafc6b5a6fbb8f8516667f56c3e57a80662f655e36129eb446a,84c74253ba7841c0945f5e52a7d405624f2ddd44a5ce26fc5c2b059e1a004ec7
main,Wizards,x!#wa2,2,PortraitsWizards/L/x!#wa2L.bmp,PortraitsWizards/M_zoomed/x!#wa2M.bmp,x!#wa2L.bmp,x!#wa2M.bmp,88e63091a6919f69ffb1e38d411dd075b5026470ad43516542c4ebab3645064d,ba6c1d4b75b0fe90efa38665f916cd536be6944389debaa0b18103c9c1c1dc88
main,Wizards,x!#wa4,2,PortraitsWizards/L/x!#wa4L.bmp,PortraitsWizards/M_zoomed/x!#wa4M.bmp,x!#wa4L.bmp,x!#wa4M.bmp,003c930bd1952dd973b46c77c8a3f0e1e3277f8190c6a128b77cdefa0224c285,a96b495f76942fc24a3d65128bdd81a86e741be0fdd65896baf13eeadd3783bd
main,Wizards,x!#wa6,2,PortraitsWizards/L/x!#wa6L.bmp,PortraitsWizards/M_zoomed/x!#wa6M.bmp,x!#wa6L.bmp,x!#wa6M.bmp,a0f40f62ed1c24bb8561d6a0292045ad839ad0ab66e968345854ce8c2f4852a3,0c7acd672afbef04dd3a7f0c08fcfbf7de441b1f57254b50c2f34679b4452897
main,Wizards,x!#wa8,2,PortraitsWizards/L/x!#wa8L.bmp,PortraitsWizards/M_zoomed/x!#wa8M.bmp,x!#wa8L.bmp,x!#wa8M.bmp,b6e8a668c4e3a2481eb3dee86ef249b3416b0aad53e869aa273bd99b7cd9c1af,a91b29f95faac9c10c8caf3e3c1340205afd35d068a836fa78fcc9ede12f2af2
main,Wizards,x!#waa,2,PortraitsWizards/L/x!#waaL.bmp,PortraitsWizards/M_zoomed/x!#waaM.bmp,x!#waaL.bmp,x!#waaM.bmp,7f93fd241e335b18278968eb79042162785a2d7d6ca98c080aba45abd1195acf,604a7667f99eae0966f4661df918263cbc88f4cbdc4eb889b4afef16141fe740
main,Wizards,x!#wac,2,PortraitsWizards/L/x!#wacL.bmp,PortraitsWizards/M_zoomed/x!#wacM.bmp,x!#wacL.bmp,x!#wacM.bmp,ba161025e629ec24b3cdab4045aeab71422e37bd60956c59ddcfb08b752ab3f7,1f6fdc14de672ae6d04398502702096522c243e5b236fab0f1e5516f82dd8705
main,Wizards,x!#wae,2,PortraitsWizards/L/x!#waeL.bmp,PortraitsWizards/M_zoomed/x!#waeM.bmp,x!#waeL.bmp,x!#waeM.bmp,96f9aa400b562ca39675235c2480dce65ddab60278f1410690dfe96304ee0574,a8ef03a9f2744a193c77d028391498faa63eb1d9dec5e5545a0a1a0af81e77cd
main,Wizards,x!#wb0,2,PortraitsWizards/L/x!#wb0L.bmp,PortraitsWizards/M_zoomed/x!#wb0M.bmp,x!#wb0L.bmp,x!#wb0M.bmp,63756be356ed03a8ca0eacd4b9e53fb16d08d6a13792618b63ed34caf41eb34c,611364263c92489b56fba8560bb558aa5b94026ccc774dc47b0a2a6554152434
main,Wizards,x!#wb2,2,PortraitsWizards/L/x!#wb2L.bmp,PortraitsWizards/M_zoomed/x!#wb2M.bmp,x!#wb2L.bmp,x!#wb2M.bmp,0e4a9d0646181379fd4a24d180b61afc1bf2baf827cd31ac19c782bcd2744664,8f6f632ef55ea54baff4bbce36bb16b2b56631de498dba9f443a0e0f3ffcc3ea
main,Wizards,x!!wb0,1,PortraitsWizards/L/x!!wb0L.bmp,PortraitsWizards/M_zoomed/x!!wb0M.bmp,x!!wb0L.bmp,x!!wb0M.bmp,5219088e35c179f263f9c4a81a0055125d2445037d6ccac4559a261ceb937fa6,a2b8eba50a64bffa8a4bdd036921a21b2649ad5b9412c0fb50f2d034bfdd19b8
main,Wizards,x!!wb2,1,PortraitsWizards/L/x!!wb2L.bmp,PortraitsWizards/M_zoomed/x!!wb2M.bmp,x!!wb2L.bmp,x!!wb2M.bmp,dd608b628b3567a05de9ab63200f1d9737de54d0b2e655e8d4bb29f9a1689d89,41fb64e7b08211cec1c6166076eba6a1a145bee1edf7446465f309e71f3bd0aa
main,Wizards,x!!wc0,1,PortraitsWizards/L/x!!wc0L.bmp,PortraitsWizards/M_zoomed/x!!wc0M.bmp,x!!wc0L.bmp,x!!wc0M.bmp,ab3caedd09627e57c0bbecf0063dc286cf8362bdcec0e7553d30dc96ae3021e2,cf926fbcb523c897107a40a004bbab325b1bb3b0cb799b8e9554d716d842be45
main,Wizards,x!!wc2,1,PortraitsWizards/L/x!!wc2L.bmp,PortraitsWizards/M_zoomed/x!!wc2M.bmp,x!!wc2L.bmp,x!!wc2M.bmp,0e7198d8f73b27d7b8ae7616c2e02f5be486b8b8ec23017eae6c12509d76e44b,229b393a045f3c61eab45ad48ffc31d1e5acd1bd3269309e5bc55686730a2599
main,Wizards,x!!wc4,1,PortraitsWizards/L/x!!wc4L.bmp,PortraitsWizards/M_zoomed/x!!wc4M.bmp,x!!wc4L.bmp,x!!wc4M.bmp,a17df41ac66d09d81dbd2f487ca89e8c2b8fadb68bd2b21029da81acb8ac0dc4,fd9656b907df963532ca6545b38f0b03363d46c72cb4065d0994a439db8f7ee7
main,Wizards,x!#wf0,2,PortraitsWizards/L/x!#wf0L.bmp,PortraitsWizards/M_zoomed/x!#wf0M.bmp,x!#wf0L.bmp,x!#wf0M.bmp,ce78d0e50974c2229b5927c28dba9e1fe3aa32c0189a832383764459a4a9b59b,78097d3868c1740eae4df25fd51763f0764848739eba32aa8bd7fa916b42bbe5
main,Wizards,x!!wf0,1,PortraitsWizards/L/x!!wf0L.bmp,PortraitsWizards/M_zoomed/x!!wf0M.bmp,x!!wf0L.bmp,x!!wf0M.bmp,daa93322c97d9529a431764c0be76cdcc8bb7fff1691ab83e45d459b1fa95908,c14db97c9f14383f88a392e728bd289ef4646deff5c62208c48cb8b1a1a45c9b
main,Wizards,x!!wf2,1,PortraitsWizards/L/x!!wf2L.bmp,PortraitsWizards/M_zoomed/x!!wf2M.bmp,x!!wf2L.bmp,x!!wf2M.bmp,55be2adeea3b96f4a09c781502297daaea8a1b5cf3b6945d37d61c61a951a2fc,1a6285c9529482963092d77625de0f7b8612b65537c48ff503faa47bbf5b2ae9
main,Wizards,x!!wf4,1,PortraitsWizards/L/x!!wf4L.bmp,PortraitsWizards/M_zoomed/x!!wf4M.bmp,x!!wf4L.bmp,x!!wf4M.bmp,f519860eaa0edfd5ed28e8206eaa136025e9fd1b0a55b215fab89f929baf4ba9,ad0e77ae53ee81a77d009530b0c46d3ee9924ef23ab4fb102a79d7ef76d4dd7f
main,Wizards,x!!wf6,1,PortraitsWizards/L/x!!wf6L.bmp,PortraitsWizards/M_zoomed/x!!wf6M.bmp,x!!wf6L.bmp,x!!wf6M.bmp,1d9ec45e6ff9f6c1ba703b44dc8de3c6786d116fb10733acab0555e14ec257ad,6338cf3eb3a0882910f0940801ab323eb3d9707caa6d7c0705b3582c9f7be9b9
main,Wizards,x!#wg0,2,PortraitsWizards/L/x!#wg0L.bmp,PortraitsWizards/M_zoomed/x!#wg0M.bmp,x!#wg0L.bmp,x!#wg0M.bmp,a629a5a4d8b0e276dcfa264d95b9b4002fd9274b4fc17f53903d929326d2c51a,b0a8cfc358cce964c7ae370b20ca66e37e8c8147c35eff54f7e0c975da2e14b9
main,Wizards,x!!wg0,1,PortraitsWizards/L/x!!wg0L.bmp,PortraitsWizards/M_zoomed/x!!wg0M.bmp,x!!wg0L.bmp,x!!wg0M.bmp,41e3db24d2ff14787724237ad2a43d8b4f6132db292c45ff054a899396825277,209d0b058bab48588425dae5f835886431309dc7e5efd7a6a558791f9bc256f6
main,Wizards,x!!wg2,1,PortraitsWizards/L/x!!wg2L.bmp,PortraitsWizards/M_zoomed/x!!wg2M.bmp,x!!wg2L.bmp,x!!wg2M.bmp,0a79914066642f30594ece37438793c32d5fb33abad4ec380cb568454ef75fe0,36adf6bdc2b86fd9d9c53a6265ac712d01b303a3cf4509c9df3045e70c5438c6
main,Wizards,x!#wi0,2,PortraitsWizards/L/x!#wi0L.bmp,PortraitsWizards/M_zoomed/x!#wi0M.bmp,x!#wi0L.bmp,x!#wi0M.bmp,efeb29ae8a5630f175f8452e64c0b16f674678cb3e35a2de89fa2b77f2a7c171,f7611c7a01110f969255dcdf9b8ab15391ee4e575b181f6b035a7dd7cc4f0bbb
main,Wizards,x!#wi2,2,PortraitsWizards/L/x!#wi2L.bmp,PortraitsWizards/M_zoomed/x!#wi2M.bmp,x!#wi2L.bmp,x!#wi2M.bmp,32e1c2dcfc642dd6f82e40c7cef7e0c0a3a0cfef883014bcd193b757ea9f427d,9e8884544eee5b55787a49684d7bb32258d0a5c8d57b7a9af963ce0fbc5ea1a2
main,Wizards,x!!wi0,1,PortraitsWizards/L/x!!wi0L.bmp,PortraitsWizards/M_zoomed/x!!wi0M.bmp,x!!wi0L.bmp,x!!wi0M.bmp,64637d58a0a6d1c56d0e404949300bcb09be2fb8bca7cde2a1b72d5015ddc8e9,5794fcb5e5e560fac601cf719b74589fa9ce5d30ce8d551697483d1d64464599
main,Wizards,x!!wi2,1,PortraitsWizards/L/x!!wi2L.bmp,PortraitsWizards/M_zoomed/x!!wi2M.bmp,x!!wi2L.bmp,x!!wi2M.bmp,406fae22e58bf96b0fd6ecd1fc90b5e6c65a88d7848b812c4144a818f87b9e9b,3631537e36e3ce3da760e5cf55193a7728dc6c8f74d45f22e22d3047c528e6c8
main,Wizards,x!#wj0,2,PortraitsWizards/L/x!#wj0L.bmp,PortraitsWizards/M_zoomed/x!#wj0M.bmp,x!#wj0L.bmp,x!#wj0M.bmp,a6d768a7d174e8b4debc21059cdf118f8c1005a7f9467b1ed75efa96af14689e,d7370115029b2499b3aa3c6c4a8421234f29acd886ccaaf93fb577a746979451
main,Wizards,x!!wj0,1,PortraitsWizards/L/x!!wj0L.bmp,PortraitsWizards/M_zoomed/x!!wj0M.bmp,x!!wj0L.bmp,x!!wj0M.bmp,92b930671a88eba3d31197b23627bff44dd29828568128ccd4f3f5fa20b5defd,f8d0aa4c19f284abf8e3cbb894b80085ca7370161de1286f25f2a48bd4b2714f
main,Wizards,x!!wj2,1,PortraitsWizards/L/x!!wj2L.bmp,PortraitsWizards/M_zoomed/x!!wj2M.bmp,x!!wj2L.bmp,x!!wj2M.bmp,cfaf4add6abce31d2e7fb8b8b3a88b994dc6ca9cc4aa32f6f6f014512f87fb89,e1c13aafe2a705001df9a23be410c9c38a3e0a6b15a8d043f48febd704feb459
main,Wizards,x!!wj4,1,PortraitsWizards/L/x!!wj4L.bmp,PortraitsWizards/M_zoomed/x!!wj4M.bmp,x!!wj4L.bmp,x!!wj4M.bmp,f0b114a4f28073ee1906f70bd4c12b6b2d498067cb29c2a3cb271201e5f10b7a,7b2cc35e967ec9b8bc0c58b8072936238b69eed039df8d562b7fd80a6f2642e0
main,Wizards,x!#wm0,2,PortraitsWizards/L/x!#wm0L.bmp,PortraitsWizards/M_zoomed/x!#wm0M.bmp,x!#wm0L.bmp,x!#wm0M.bmp,b286072b5233860952a33260c2ce775a8514bf86409897df3f99bf583665b0da,d2a93c452be58dbf51a97c76b89404387db6518920777684959ac0fc3930c64f
main,Wizards,x!#wm2,2,PortraitsWizards/L/x!#wm2L.bmp,PortraitsWizards/M_zoomed/x!#wm2M.bmp,x!#wm2L.bmp,x!#wm2M.bmp,46d84cbba654af0b8a5493047002af6ed68461ba0ce356ec792ae7cc4d48c78e,8ea14fc0443f91044b3f3fea8f215874b6ba78848a769aab260b277aa2135703
main,Wizards,x!!wm0,1,PortraitsWizards/L/x!!wm0L.bmp,PortraitsWizards/M_zoomed/x!!wm0M.bmp,x!!wm0L.bmp,x!!wm0M.bmp,82362c9195f38f195f4f5bb52e7715b2a03d82cdfb29824a6b957a5c9347bbce,82863cbfc6fdfa74320d4db6f0016fca21f314ccf1cf16e1294657e2e7fd8e4d
main,Wizards,x!!wm4,1,PortraitsWizards/L/x!!wm4L.bmp,PortraitsWizards/M_zoomed/x!!wm4M.bmp,x!!wm4L.bmp,x!!wm4M.bmp,61afa9b058da68fe5504fae20e19f9d6722fc0bacfbc6966fab42d4b3aab34f4,66ff908dd6f23a6f1973e4bcf7deb94042a2e50b371e0f42988eeab8f53b02c6
main,Wizards,x!#wr0,2,PortraitsWizards/L/x!#wr0L.bmp,PortraitsWizards/M_zoomed/x!#wr0M.bmp,x!#wr0L.bmp,x!#wr0M.bmp,f03a415efee815cce3bef3430fb75b79d92afe2f275bc17dfab51b9e3811622c,c5096bfded60baa560fe21a3a1045addaaba73ad83f407bd569dc6c12ed86b44
main,Wizards,x!#wr2,2,PortraitsWizards/L/x!#wr2L.bmp,PortraitsWizards/M_zoomed/x!#wr2M.bmp,x!#wr2L.bmp,x!#wr2M.bmp,15763e30347d6d5bdb846b7d5ca97ec61ae3f50a7135cbf3a9e6c185fd699305,a27d45f9c3dcfe4f7e5dbca46ce7676e8a7fb5773621dc91f0a363adb4927fb1
main,Wizards,x!#wr4,2,PortraitsWizards/L/x!#wr4L.bmp,PortraitsWizards/M_zoomed/x!#wr4M.bmp,x!#wr4L.bmp,x!#wr4M.bmp,9b707c85de6db95a270ebafa9b8e03f84370f879108f1451ab2f969d2d45b425,2b7754a1b198d47e957abf48113b31a55baf5941fc61d3c7615effb04b25df06
main,Wizards,x!#wr6,2,PortraitsWizards/L/x!#wr6L.bmp,PortraitsWizards/M_zoomed/x!#wr6M.bmp,x!#wr6L.bmp,x!#wr6M.bmp,12fb34753e0c70be70032415e50f4c2a2b18498ff39dd76b6fda5ac0e48ba798,8a05d8b55aed7d1804ea9d1608959cafe35e2071d78c065f547823d9241119f5
main,Wizards,x!#wr8,2,PortraitsWizards/L/x!#wr8L.bmp,PortraitsWizards/M_zoomed/x!#wr8M.bmp,x!#wr8L.bmp,x!#wr8M.bmp,020f15fb8c74cd081db6f914eeda61b6ec98b015f97309576989b43e7f11e4bd,8ba711525224c8711d8ec13ee3b36996bdf826a6c471c11e5350faf2b7f19f98
main,Wizards,x!#wra,2,PortraitsWizards/L/x!#wraL.bmp,PortraitsWizards/M_zoomed/x!#wraM.bmp,x!#wraL.bmp,x!#wraM.bmp,3bf5494c0c336047b60f087efbb4d45d22eb4e9949d4a9883399117c24502343,a454bb09372c3a31dab73b38bddfa1c52d8f7bc7e52b1147d30033f243c69e57
main,Wizards,x!#wrc,2,PortraitsWizards/L/x!#wrcL.bmp,PortraitsWizards/M_zoomed/x!#wrcM.bmp,x!#wrcL.bmp,x!#wrcM.bmp,980a151ed23da7e93e87bcf9b429ed73fcdf7d8b0ef7be91780d55d5da1fc3f8,3b873da54b019821ed911b596718b37e4ff60a66ecc49e9d6c38eaf0371d53c9
main,Wizards,x!!wr0,1,PortraitsWizards/L/x!!wr0L.bmp,PortraitsWizards/M_zoomed/x!!wr0M.bmp,x!!wr0L.bmp,x!!wr0M.bmp,34c5e5982ce2e56b4385dbb984fb93d7a4bf0b1a219a503af288269b3384d909,c76024d98e6781b6c6731707258b9019c886e950518ee0b35725f395ec492462
main,Wizards,x!!wr2,1,PortraitsWizards/L/x!!wr2L.bmp,PortraitsWizards/M_zoomed/x!!wr2M.bmp,x!!wr2L.bmp,x!!wr2M.bmp,b59ba92a277aa6d936339e0d876ef7998738cd9b924968e7f3df7bf0b56d11bc,7b7237e7f1a7893c28a71cde9e2b02dbca3823b3454a5125343bcbabd74717a4
main,Wizards,x!!wr4,1,PortraitsWizards/L/x!!wr4L.bmp,PortraitsWizards/M_zoomed/x!!wr4M.bmp,x!!wr4L.bmp,x!!wr4M.bmp,effa4f9e54b237202c1bfb74cf0cb6db1dcafd87c5defe077d4603c1b0a11246,6948fbd48d4cb36128bd6655b069718057d3f5221175a7e2bc249c4d344c1257
main,Wizards,x!!ws0,1,PortraitsWizards/L/x!!ws0L.bmp,PortraitsWizards/M_zoomed/x!!ws0M.bmp,x!!ws0L.bmp,x!!ws0M.bmp,6f95b9b9941c5241c21fd11e9ebee1ea16a083a041c16201cfba81c7a89e838b,91c4c78e2afac5104bd2f0b8689af07b51d66c4eeba30922aa147ad304a34741
main,Wizards,x!!ws2,1,PortraitsWizards/L/x!!ws2L.bmp,PortraitsWizards/M_zoomed/x!!ws2M.bmp,x!!ws2L.bmp,x!!ws2M.bmp,d92af71e52b259d0efb83edc7c6b60e1fdfcf5b15e46460d8f6f13264ab26016,eb3122b8375a119518f6fe1697a17a0e2177c5638c1a7b04a947d2901cf34ad5
main,Wizards,x!#wt0,2,PortraitsWizards/L/x!#wt0L.bmp,PortraitsWizards/M_zoomed/x!#wt0M.bmp,x!#wt0L.bmp,x!#wt0M.bmp,04bd299764c78d50dd66c674bde575b0fd6a6c881ee49bb2800ff5881af55ad3,a3bdb07b88daacde6c5869ddd583b8ae9258d3bac15e7783de1edd5a06963ee7
main,Wizards,x!#wt2,2,PortraitsWizards/L/x!#wt2L.bmp,PortraitsWizards/M_zoomed/x!#wt2M.bmp,x!#wt2L.bmp,x!#wt2M.bmp,0b9448979e624353dd75af6d320e8cf41b39f6786a81aa818f9de83e2db8a1cf,c0599bd2f7515a4a61c568feedbc0662aa06dfa926053a5dab01b702d7b36e2b
main,Wizards,x!#wt4,2,PortraitsWizards/L/x!#wt4L.bmp,PortraitsWizards/M_zoomed/x!#wt4M.bmp,x!#wt4L.bmp,x!#wt4M.bmp,c6c64b32098e1d6a3b5a981b0076cb8581f1ad4cb1da366cdd3ef3ae3f6c356a,35766d465deda81c0c91c78be42f5245893a743a31f2c0ae154cca1a15c1140b
main,Wizards,x!#wt6,2,PortraitsWizards/L/x!#wt6L.bmp,PortraitsWizards/M_zoomed/x!#wt6M.bmp,x!#wt6L.bmp,x!#wt6M.bmp,14e8c279945bfd7f5fef151a17b82a0d4c53338dd1663facb33a8e291b083358,d413ec8f2a9f836d48f9d65a6a18188db4d77c4f2081a3751589daba42ae2615
main,Wizards,x!#wta,2,PortraitsWizards/L/x!#wtaL.bmp,PortraitsWizards/M_zoomed/x!#wtaM.bmp,x!#wtaL.bmp,x!#wtaM.bmp,bcb0f725819dc2dd5e368ffe71de945143f4c4b89b7ffd9dc231e07e719daeb3,b2fceff0c333542b7b68497c78120b0bf76a7c1de752bf72098083b6550a1683
main,Wizards,x!!wt0,1,PortraitsWizards/L/x!!wt0L.bmp,PortraitsWizards/M_zoomed/x!!wt0M.bmp,x!!wt0L.bmp,x!!wt0M.bmp,d7e26561bbad5dabdbeb7d7cc417488a4a23420b7dbdfdef11cab0abca0d67c9,ae794d2bfe86a68cb25900b7d1be68fd40746fec422d8a011962b455752f4703
main,Wizards,x!!wt2,1,PortraitsWizards/L/x!!wt2L.bmp,PortraitsWizards/M_zoomed/x!!wt2M.bmp,x!!wt2L.bmp,x!!wt2M.bmp,70cd5c966f1dbba7bfe8b5453b7aa52144fae4f8dba1eb314a5d99433a6f4428,6cb096fb587d31b330f4645711fd6ee7f348795e1e03cab98bff0f34133cc280
main,Wizards,x!#wv2,2,PortraitsWizards/L/x!#wv2L.bmp,PortraitsWizards/M_zoomed/x!#wv2M.bmp,x!#wv2L.bmp,x!#wv2M.bmp,2cec8ea34df4af80905a9a651e1474aec6a62b3010c982b21b789eb5a6e99ddf,d2e96ef5cbc3a974a9c64c2827a613e594ac0c5efe11d23dd7862c4dce3c2828
main,Wizards,x!!wv0,1,PortraitsWizards/L/x!!wv0L.bmp,PortraitsWizards/M_zoomed/x!!wv0M.bmp,x!!wv0L.bmp,x!!wv0M.bmp,75c4cc36033db513f1f2d5c12b825e12288f488669625e08e8cb0307420d08cc,b12d212fdb73cd1189375c86e4091127eed6e022ab6247054c5e321f837bb1eb
main,Wizards,x!!wv2,1,PortraitsWizards/L/x!!wv2L.bmp,PortraitsWizards/M_zoomed/x!!wv2M.bmp,x!!wv2L.bmp,x!!wv2M.bmp,848985bae6788f9b0e9d5071d59a9e0cfb817255732132406a54e51ee1a40c9b,91dcbedde2e5a6823ed514f71dc552e20deaafe6708dd8e3e3306265438ca824
main,Wizards,x!!wv4,1,PortraitsWizards/L/x!!wv4L.bmp,PortraitsWizards/M_zoomed/x!!wv4M.bmp,x!!wv4L.bmp,x!!wv4M.bmp,c47a3fd3aa0fa1ea3cc0420e90c3eadccf940d5fc0296c4733a6d625229e03b6,6cda61f8fa993b840a44a105acb6acde950ad0b7bec18d91483a09ccc82153ac
main,Shorties,x!#i00,2,PortraitsShorties/L/x!#i00L.bmp,PortraitsShorties/M_zoomed/x!#i00M.bmp,x!#i00L.bmp,x!#i00M.bmp,ba8239c95e0736f6e6c6704b8c4678c82b5a89d80f22cb3acfcb8923b28433cd,a7db3980a7bc839f0fee598db41498022f8860c08ce4a0c8264b41e1c171ee52
main,Shorties,x!#i02,2,PortraitsShorties/L/x!#i02L.bmp,PortraitsShorties/M_zoomed/x!#i02M.bmp,x!#i02L.bmp,x!#i02M.bmp,fb40b262e85ff7518a6987e64b79d5efd3592fe68f3f78b3f017da70db9e397b,1b2f0f105536c2b86db3a41b595552b59b87ffd4020124d7eb398b20ef9ec445
main,Shorties,x!#i06,2,PortraitsShorties/L/x!#i06L.bmp,PortraitsShorties/M_zoomed/x!#i06M.bmp,x!#i06L.bmp,x!#i06M.bmp,62d890117702b31d794d0dfd6e8409f5c4d105f57af8c546922f127c379c65da,87169657e350342d9be0a23c32878fabca9ea3213d70d51820fdc00fe73b34e9
main,Shorties,x!!i00,1,PortraitsShorties/L/x!!i00L.bmp,PortraitsShorties/M_zoomed/x!!i00M.bmp,x!!i00L.bmp,x!!i00M.bmp,0ed380f2c32bf6851cb6bbe4c469d565d65cec0bc7861e6d1129d4eb6375ac7b,5a5abed685331eafd8b1329d530a1906ec69439e4920fa46de85b3b9ea97bcdd
main,Shorties,x!!i02,1,PortraitsShorties/L/x!!i02L.bmp,PortraitsShorties/M_zoomed/x!!i02M.bmp,x!!i02L.bmp,x!!i02M.bmp,7c9f75baf313294c869d7262a27632c1de890f89bd5de96fb83b165372c4e232,8128e66f7a6154b86b7dc2c1aa814f49db290a6ed8c98be03dd88bf3be9ebb43
main,Shorties,x!!i04,1,PortraitsShorties/L/x!!i04L.bmp,PortraitsShorties/M_zoomed/x!!i04M.bmp,x!!i04L.bmp,x!!i04M.bmp,b19f61e3dd071be6090b2249d6d4052b8400cc2c0bbb6cbc4145e75456426e9b,f8537858109e87a43c41623d50ac73852a928a128b4d538b7c1dd5adf7d2f383
main,Shorties,x!!i06,1,PortraitsShorties/L/x!!i06L.bmp,PortraitsShorties/M_zoomed/x!!i06M.bmp,x!!i06L.bmp,x!!i06M.bmp,536e86144e4f7362dd7f57b002ba9552aa36faed9cb8bcd0bf9b9b5a142075a2,6decebfb9824233a8e1966c1363d1d07b78f1efd5246ec227317cc92a276020d
main,Shorties,x!!i08,1,PortraitsShorties/L/x!!i08L.bmp,PortraitsShorties/M_zoomed/x!!i08M.bmp,x!!i08L.bmp,x!!i08M.bmp,3a670d38daec1e735279d5a3ec6f1782ffc00895b230863b121c2336665e4423,07488b35857aa92be618873c9fc2f6bdaf301aee0e95bff772da9b8a568f87ea
main,Shorties,x!!i10,1,PortraitsShorties/L/x!!i10L.bmp,PortraitsShorties/M_zoomed/x!!i10M.bmp,x!!i10L.bmp,x!!i10M.bmp,6668212f549bf15a69e911ca9d48188cda75a69989dd24c02f0ce40590189072,2200b2cc67d5d2a01ba4ea7e4da4284900518924f81cec9c178215caee4df6ec
main,Shorties,x!!i12,1,PortraitsShorties/L/x!!i12L.bmp,PortraitsShorties/M_zoomed/x!!i12M.bmp,x!!i12L.bmp,x!!i12M.bmp,bd5e5df4cff97356de06452420549248e35b47d187fed1c548972b283dfd25d6,02171a1c69da103204da5f5bc4c002e40a3b3f029e3ed7380e859f1fe2d2acc7
main,Shorties,x!!i14,1,PortraitsShorties/L/x!!i14L.bmp,PortraitsShorties/M_zoomed/x!!i14M.bmp,x!!i14L.bmp,x!!i14M.bmp,7a36f1eccc6a1dd38378fb7d8e00467cc8969296337da454910a079de10cd285,9351b335a2e5c430f7808485b20bbe9c53decd159300b99d3143c729009a9034
main,Shorties,x!!ib0,1,PortraitsShorties/L/x!!ib0L.bmp,PortraitsShorties/M_zoomed/x!!ib0M.bmp,x!!ib0L.bmp,x!!ib0M.bmp,bdca1a3f1358307559dacebb4c4fd9abc73df75ce5e037bcc09ea901f60cc1ee,9e55d13c13d06579d4576d9124e7f1f41914bad3d83b747c22cc241622e93da7
main,Shorties,x!#ig0,2,PortraitsShorties/L/x!#ig0L.bmp,PortraitsShorties/M_zoomed/x!#ig0M.bmp,x!#ig0L.bmp,x!#ig0M.bmp,23503a4ae64d7e49202a0c4bfa68d8f6f485b69d727dd2f3934797bd4156a9a6,37fe1f775bd889339bd66b8fe04e330dbeeb7179e42bee909719fcfe124be5b8
main,Shorties,x!!ig0,1,PortraitsShorties/L/x!!ig0L.bmp,PortraitsShorties/M_zoomed/x!!ig0M.bmp,x!!ig0L.bmp,x!!ig0M.bmp,71a00c71d8dd191e16149feadca7c00b9993c9028e4d47b10915d2044d64b302,a28430009ad3f73d1e0866fb3f08e8a5d61d0b1fb86f06286d1fb5bca9207d9b
main,Shorties,x!#ih0,2,PortraitsShorties/L/x!#ih0L.bmp,PortraitsShorties/M_zoomed/x!#ih0M.bmp,x!#ih0L.bmp,x!#ih0M.bmp,7856d7b28167d2beeb77fd7a84656bf743033027951706aaee3fd156e3378ccc,8823cb98b43c6db48a03c0bb28727f8e84a4086bc5159bad65f94eb90ab73904
main,Shorties,x!#ih2,2,PortraitsShorties/L/x!#ih2L.bmp,PortraitsShorties/M_zoomed/x!#ih2M.bmp,x!#ih2L.bmp,x!#ih2M.bmp,78c3697fb29e035b62bf27addaa033e84a35dede3169ea5814e635126a8a497a,232f9d16af5a91c1cc13197acef5878e60fe8779dd333d38f1503c72c7af5d98
main,Shorties,x!#ih6,2,PortraitsShorties/L/x!#ih6L.bmp,PortraitsShorties/M_zoomed/x!#ih6M.bmp,x!#ih6L.bmp,x!#ih6M.bmp,efd34304031bc802518683ee749e9ae779b4a64692dfc861146b67d2f8d385f7,65987e35ecc10c6fe8abaf2b4aa691b1b2f47de2523e7d5d2a131e25192da6e2
main,Shorties,x!!ih0,1,PortraitsShorties/L/x!!ih0L.bmp,PortraitsShorties/M_zoomed/x!!ih0M.bmp,x!!ih0L.bmp,x!!ih0M.bmp,7392451c35367d3756c377db2a634aec16578046ac9164cff3dfb2769fbc12d0,feb7539488196fb4efb9575870f309e3f84fa142bbb922099b407e694177d14e
main,Shorties,x!!ih4,1,PortraitsShorties/L/x!!ih4L.bmp,PortraitsShorties/M_zoomed/x!!ih4M.bmp,x!!ih4L.bmp,x!!ih4M.bmp,ddb7472b054b510c0369ad05a85463c20b310a3b9a863e33fd927dce2381321c,4ad312bc2cad695e0c8900b10fee18a85a4f7d9b672e7e40a6bc256073b66ef1
main,Shorties,x!#ik0,2,PortraitsShorties/L/x!#ik0L.bmp,PortraitsShorties/M_zoomed/x!#ik0M.bmp,x!#ik0L.bmp,x!#ik0M.bmp,7d6b8a478b251b0af36924b968b50d9f41ff192f054fd3150d1785eb2e0e8a58,3b30e86edd5b205a5236b8b2428b11b27f1473233a84bffcb4fa7c4a4e28abb6
main,Shorties,x!!ik2,1,PortraitsShorties/L/x!!ik2L.bmp,PortraitsShorties/M_zoomed/x!!ik2M.bmp,x!!ik2L.bmp,x!!ik2M.bmp,8ea2269afae9edc94d1efc99e5cb6cc70e65b09aeca3e07a9db032cf5041bf50,1a149d15dec28a8811427793d484c76fb2f0bdb631f36919c07d54c1f52f8169
main,Shorties,x!!il0,1,PortraitsShorties/L/x!!il0L.bmp,PortraitsShorties/M_zoomed/x!!il0M.bmp,x!!il0L.bmp,x!!il0M.bmp,59f70c39618ef88d15eecabe9de71411379a5f716bd6c45aed72f7bffe482759,e53fb5f02bf61085644ddbe6c40ce87dc85a6bdd9433fb4d81ac3f82f1fd2c60
main,Shorties,x!!im0,1,PortraitsShorties/L/x!!im0L.bmp,PortraitsShorties/M_zoomed/x!!im0M.bmp,x!!im0L.bmp,x!!im0M.bmp,7435504dcab00dc914f5ca901bca7f2dc6178cf44d183a9f961e448107b79924,c3765d647336cb432b1b6a07c01fcccdfc6c12451752ef6ee94c3cf388c8aa04
main,Shorties,x!#ir0,2,PortraitsShorties/L/x!#ir0L.bmp,PortraitsShorties/M_zoomed/x!#ir0M.bmp,x!#ir0L.bmp,x!#ir0M.bmp,5fb11c59e5628a102dfdcb241aa24a292c6f01545bac7fb66897bf623f91062a,d43ee8c87bc49c36eea4904959b90caf171a5bccc95d83e4551da46e9adeaf23
main,Shorties,x!!ir0,1,PortraitsShorties/L/x!!ir0L.bmp,PortraitsShorties/M_zoomed/x!!ir0M.bmp,x!!ir0L.bmp,x!!ir0M.bmp,5c4c8db6becd6c1a4b9526fac38ce581e3d03e79b66a7af01213ae60b5b13093,9c65d0b5946b05953c0a09e91300b551950211b645c23138e4a9bf3302c0e293
main,Shorties,x!!ir2,1,PortraitsShorties/L/x!!ir2L.bmp,PortraitsShorties/M_zoomed/x!!ir2M.bmp,x!!ir2L.bmp,x!!ir2M.bmp,d0e3acd4e24f023aad48df29d7dd300647e0adbd16438336ec72ccdb9ab1e4df,b32e0777360fdce6c7ec3065929ef69dab35f8709b6fdbc435ac7949c2b74351
main,Shorties,x!#it0,2,PortraitsShorties/L/x!#it0L.bmp,PortraitsShorties/M_zoomed/x!#it0M.bmp,x!#it0L.bmp,x!#it0M.bmp,f65c9f7abb60a054bd025f786ad3db902c2099591c6721c83ae095f4558af6d3,30e1dae7390346ed4b3e527f14d73142f9fa7264d9796e8bdfa7a8a37dc7e230
main,Shorties,x!!it0,1,PortraitsShorties/L/x!!it0L.bmp,PortraitsShorties/M_zoomed/x!!it0M.bmp,x!!it0L.bmp,x!!it0M.bmp,0c14e7628bbb2499eaf50bcd5fe19648e07ee612994eb71f67577a95ef3e7d9a,09273afdab1940eb9efeb54023a08ba4504e841164485af91368a868c1613fc3
main,Shorties,x!!it2,1,PortraitsShorties/L/x!!it2L.bmp,PortraitsShorties/M_zoomed/x!!it2M.bmp,x!!it2L.bmp,x!!it2M.bmp,7ee767bf3b68f9c8faf58c280091dff38d50f37c16181e70a4aaf359b4f8b4ec,0b9ee3ea5a58473cd8715dc323843af19375021b631dac717dedf864b38a58f2
main,Shorties,x!#iw0,2,PortraitsShorties/L/x!#iw0L.bmp,PortraitsShorties/M_zoomed/x!#iw0M.bmp,x!#iw0L.bmp,x!#iw0M.bmp,5f9972da12efb557f3c70de386023788e569f8ab317006b81a1fbcee2bf791d1,05403f0eeabe1db43a83f528a5090f7fd69f374fb48f1b00455f3483cdb5b37e
main,Shorties,x!#iw2,2,PortraitsShorties/L/x!#iw2L.bmp,PortraitsShorties/M_zoomed/x!#iw2M.bmp,x!#iw2L.bmp,x!#iw2M.bmp,8a4d9d83f832c70bd03615a56f50ba7b75046e14d8f7e5ce3d359856e4b3637f,df02a023c9e206a6bfc989cca7782e721374509e8a4fa05c5ac219525fb7310c
main,Shorties,x!#iw4,2,PortraitsShorties/L/x!#iw4L.bmp,PortraitsShorties/M_zoomed/x!#iw4M.bmp,x!#iw4L.bmp,x!#iw4M.bmp,fc70d89ecb72d917c7e7adc0d65218b1237df4f929f250e97680db89cc22865c,5bb6003d7afe83755e10f185cc5d67b18fadfe43261295dc4fcdc6df26d1200a
main,Shorties,x!#iw6,2,PortraitsShorties/L/x!#iw6L.bmp,PortraitsShorties/M_zoomed/x!#iw6M.bmp,x!#iw6L.bmp,x!#iw6M.bmp,93e3302ca013ba44fca44b54f150f168d54a1dff145390f27cc450cd8efe2e18,18b90c9bc2c3dff39a579297ebaddac7f6af4508d41ec25d4aac4e1d3416e879
main,Shorties,x!!iw0,1,PortraitsShorties/L/x!!iw0L.bmp,PortraitsShorties/M_zoomed/x!!iw0M.bmp,x!!iw0L.bmp,x!!iw0M.bmp,fe44009da0655aa20e545177461153c3d37b484d0b94abd69932414dd1148586,b6263336b17a97c98e81eaadf794427b7e0e3e8ef38dfb8d474e75011bc195b8
main,Shorties,x!!iw2,1,PortraitsShorties/L/x!!iw2L.bmp,PortraitsShorties/M_zoomed/x!!iw2M.bmp,x!!iw2L.bmp,x!!iw2M.bmp,e48d281da208cf73a1302489115557d9b76d4f2333ed27a057dbf98697955067,7a3020dee3c9788d65d18d929e47cdb17a572b4cdd909ac71f9a45c384e29a41
main,Shorties,x!!iw4,1,PortraitsShorties/L/x!!iw4L.bmp,PortraitsShorties/M_zoomed/x!!iw4M.bmp,x!!iw4L.bmp,x!!iw4M.bmp,2b7689fce4fdffbd5bd9dfda8cacae3f5d325d6b8a08f65465ea3a1b97b43986,0b6e2e7fba0f7a7299524d2ec4c5ee563e7ef28b127ff934942ed482a4ce15c1
main,Shorties,x!!iw6,1,PortraitsShorties/L/x!!iw6L.bmp,PortraitsShorties/M_zoomed/x!!iw6M.bmp,x!!iw6L.bmp,x!!iw6M.bmp,cc700bc05555a9c779f6b9954b28820d3c221877fb31abdbb003673af726810e,e6f916eb90a86e7977565b988acdf3253a905262dc7fae43d493888c101fc60f
main,Shorties,x!#gj0,2,PortraitsShorties/L/x!#gj0L.bmp,PortraitsShorties/M_zoomed/x!#gj0M.bmp,x!#gj0L.bmp,x!#gj0M.bmp,a2adbfaf402829a2c45b90c01703fa02136d97b506fbbceeaa4eaf9379516b9a,2888f000151035561d7309a72d64dbbf11b61dbd7adf872cd7af72191a81ac6a
main,Shorties,x!#gj1,2,PortraitsShorties/L/x!#gj1L.bmp,PortraitsShorties/M_zoomed/x!#gj1M.bmp,x!#gj1L.bmp,x!#gj1M.bmp,1f880573a3b576d298b2388eb0248f7fc40c6299863ceaec310f93cb90bc2d75,2888f000151035561d7309a72d64dbbf11b61dbd7adf872cd7af72191a81ac6a
main,Shorties,x!!gt0,1,PortraitsShorties/L/x!!gt0L.bmp,PortraitsShorties/M_zoomed/x!!gt0M.bmp,x!!gt0L.bmp,x!!gt0M.bmp,edeac03e92a74b22bae9dff897c43ffd90edb734416e757501a48a6a2c696514,025ad0645328a39a7581e3cb60feef3dc6201fc5b452924bd97de5dc478d40b0
main,Shorties,x!#gw0,2,PortraitsShorties/L/x!#gw0L.bmp,PortraitsShorties/M_zoomed/x!#gw0M.bmp,x!#gw0L.bmp,x!#gw0M.bmp,61986b1e528b7414f4b2777e8804fdd4b8c95b91aef1e0ddca49f98c7545001f,b8af2c06a087e6fbc4f74054227e262ea775780ec7f46f34fed58ebefda75573
main,Shorties,x!#gw2,2,PortraitsShorties/L/x!#gw2L.bmp,PortraitsShorties/M_zoomed/x!#gw2M.bmp,x!#gw2L.bmp,x!#gw2M.bmp,3061e0456fcd59411820282ef490657dc6931cd409f1fc0620c7effd03b266f2,5890e9b78a9680ca3a2fefc7d4e854b7c95e4cb75e8562a00f7b508101c74907
main,Shorties,x!!gw0,1,PortraitsShorties/L/x!!gw0L.bmp,PortraitsShorties/M_zoomed/x!!gw0M.bmp,x!!gw0L.bmp,x!!gw0M.bmp,74e6474128e3523fc13e57289683772fe923b8c1d40e8772dcef809799dae710,9fcbc10cbe7d559855ecdf386e95dbf4cb55f967cf73c8b3abc7a1a099d6e150
main,Shorties,x!!gw2,1,PortraitsShorties/L/x!!gw2L.bmp,PortraitsShorties/M_zoomed/x!!gw2M.bmp,x!!gw2L.bmp,x!!gw2M.bmp,464d3d39b0b14bb37424acddbf7eef83be0567b4b2b1de361c8cd0e897a88932,358fc3bc963538ca4571fd6a5d50b4bf8480117f0c79d154fdd4a4c15ece42b8
main,Shorties,x!!gw4,1,PortraitsShorties/L/x!!gw4L.bmp,PortraitsShorties/M_zoomed/x!!gw4M.bmp,x!!gw4L.bmp,x!!gw4M.bmp,1de4d1b5f31e7eb014a52900c3292160ded5a8470dacb2fdf2775a42e67cf6d6,e69a2cb68d68b03ed276ee2975fec9118c7036aa7e63c2c6ccb9cf2835f860a8
main,Shorties,x!!gw6,1,PortraitsShorties/L/x!!gw6L.bmp,PortraitsShorties/M_zoomed/x!!gw6M.bmp,x!!gw6L.bmp,x!!gw6M.bmp,8627894f86927eec9e7e7c928992f9fb5f0e86707b41a08a14b0680bf529184d,46a648919d67bdcd6e97647ed24f303af1bc3c0a8a6f310b52621f5c2fb61b94
main,Shorties,x!#hd0,2,PortraitsShorties/L/x!#hd0L.bmp,PortraitsShorties/M_zoomed/x!#hd0M.bmp,x!#hd0L.bmp,x!#hd0M.bmp,01d0c6b6da6f186eb76cf06baf3ecba8cd0821d62121e9d6331da55e7aab600e,daa110edb8b3e2acaeae37b96a2a483d9cc89e3d51abe1722f95e3e18c017f96
main,Shorties,x!#hj0,2,PortraitsShorties/L/x!#hj0L.bmp,PortraitsShorties/M_zoomed/x!#hj0M.bmp,x!#hj0L.bmp,x!#hj0M.bmp,e4848e28d63b84dfa5068f0e51a0bd47166dbd5ff71b5b7da4b7d01a6ee1c9b0,7364838669605c45b27063725b4843cd231ed05a0df3d9355412cb8dbce02293
main,Shorties,x!#ht0,2,PortraitsShorties/L/x!#ht0L.bmp,PortraitsShorties/M_zoomed/x!#ht0M.bmp,x!#ht0L.bmp,x!#ht0M.bmp,d14babe29bbf67f8cb01e3980e12f9506f790f3937bd63088167ba4f68184b14,e88e3a3f9b2ebe9926dd299142ac5811714987c4d91703832dd32acdc9bfcd0d
main,Half-Orcs,x!#oa0,2,PortraitsHalfOrcs/L/x!#oa0L.bmp,PortraitsHalfOrcs/M_zoomed/x!#oa0M.bmp,x!#oa0L.bmp,x!#oa0M.bmp,c8c5128025e016ad848b8aeb134d202cb6c1457eb5f1a53c5f04b890acda4b9d,447be6c9fae718edd56be30e5c74c62f3c87ff391676d636b11c883aac34524a
main,Half-Orcs,x!#oa2,2,PortraitsHalfOrcs/L/x!#oa2L.bmp,PortraitsHalfOrcs/M_zoomed/x!#oa2M.bmp,x!#oa2L.bmp,x!#oa2M.bmp,facbef8759eb37224e54042ca4c7a75cee2427cf4ac3a1683f62952f89cce4ad,0d2768651be7029d588572b56048b7fe2d827da3b715f5a6e9e3c0cadde4913f
main,Half-Orcs,x!#oa4,2,PortraitsHalfOrcs/L/x!#oa4L.bmp,PortraitsHalfOrcs/M_zoomed/x!#oa4M.bmp,x!#oa4L.bmp,x!#oa4M.bmp,50a49e4ced3935cc7e0e81c57c1c90b637fcad7da88c0ff830ca04b46517a1ec,1f7c0dad7b26904d61ad14198bcdda6a63bb922c4f85bfc697f49cb7439c1420
main,Half-Orcs,x!#oa6,2,PortraitsHalfOrcs/L/x!#oa6L.bmp,PortraitsHalfOrcs/M_zoomed/x!#oa6M.bmp,x!#oa6L.bmp,x!#oa6M.bmp,ba7b1947c1e97fafc9395067d89a3e939f2989e5aa5fd52f7e0ed749277c4be0,15d71082df367fdcf93829e7225aef98e5b78ddde930baf3dc81477140232d8c
main,Half-Orcs,x!#oa8,2,PortraitsHalfOrcs/L/x!#oa8L.bmp,PortraitsHalfOrcs/M_zoomed/x!#oa8M.bmp,x!#oa8L.bmp,x!#oa8M.bmp,dc2542d2bc007a4b7e940c15108a7bd2124aebd61a29bf5733bfa4a64cab66b8,e6062c1f16d73540d0992db040a9565dcf8905a4ba24f12ee128a39570407edf
main,Half-Orcs,x!!oa0,1,PortraitsHalfOrcs/L/x!!oa0L.bmp,PortraitsHalfOrcs/M_zoomed/x!!oa0M.bmp,x!!oa0L.bmp,x!!oa0M.bmp,db0ab190e8456b2e22d2ce119c72ccc7c2e1e17b87049bbf6e40710adbc1e777,9e90e5b2aa0e9670789caa842ff8f64c9e4af69a853e7214e28c3ebfc70c29c3
main,Half-Orcs,x!!oa2,1,PortraitsHalfOrcs/L/x!!oa2L.bmp,PortraitsHalfOrcs/M_zoomed/x!!oa2M.bmp,x!!oa2L.bmp,x!!oa2M.bmp,7f62933fa3c814e35558b39bb9c209585ee7fd4c7ab6fa51d2cc350f598de626,8e73e9b502b27cbe1d3b37248a314326f308b97d75dacbecbb75eda4d9df5511
main,Half-Orcs,x!!oa4,1,PortraitsHalfOrcs/L/x!!oa4L.bmp,PortraitsHalfOrcs/M_zoomed/x!!oa4M.bmp,x!!oa4L.bmp,x!!oa4M.bmp,66afc00d0cac491f51ffe672e63843640f58459b647334e725ccaf4888c20a9d,7340eee2376628544421840b193e839fb2184678dc333639d4fedcd6de0269cd
main,Half-Orcs,x!#ob0,2,PortraitsHalfOrcs/L/x!#ob0L.bmp,PortraitsHalfOrcs/M_zoomed/x!#ob0M.bmp,x!#ob0L.bmp,x!#ob0M.bmp,7c3b8690afda9bcccb872eaf0942596c0a554fcbc65b46d7314edab15544dfe9,a231824e48bf0908e523632b14e2c26ebf3a8345bb130a5c06e550a83a39d628
main,Half-Orcs,x!#ob4,2,PortraitsHalfOrcs/L/x!#ob4L.bmp,PortraitsHalfOrcs/M_zoomed/x!#ob4M.bmp,x!#ob4L.bmp,x!#ob4M.bmp,13f48fb62f1fad9c3fc3a839f621b0456208c4bec5c46719238cc05cb07a0279,366a6b323790b71de2f28749bf9e844c1aba15fbc78e84a83d20d04476d2cb3b
main,Half-Orcs,x!!ob0,1,PortraitsHalfOrcs/L/x!!ob0L.bmp,PortraitsHalfOrcs/M_zoomed/x!!ob0M.bmp,x!!ob0L.bmp,x!!ob0M.bmp,f80eda0399b7c15830073eab23edafb5e854505202d8b0226f58d82195e48694,0e8071851ebf7e7524c8df8ad6aea8c13060ed210407ead07fba505f09a12542
main,Half-Orcs,x!!ob2,1,PortraitsHalfOrcs/L/x!!ob2L.bmp,PortraitsHalfOrcs/M_zoomed/x!!ob2M.bmp,x!!ob2L.bmp,x!!ob2M.bmp,260d485fc33cf2e5cae1785144876c3a34d870717fbf3769a3a2a09f6d6f4e5e,ddf2a805addbdd44742e948552070b1d08c70e39241e4ba7d96c838400b2e1ac
main,Half-Orcs,x!!ob4,1,PortraitsHalfOrcs/L/x!!ob4L.bmp,PortraitsHalfOrcs/M_zoomed/x!!ob4M.bmp,x!!ob4L.bmp,x!!ob4M.bmp,cabf4bc3cd39ad4d5f6a836d1d888d61c8ebbc6d0ddc3ac7522b46b40d3876ee,024026c8abde1510eb7330c9e00a358d35e41bd815fe6230fbab7d0ff4e0c4b5
main,Half-Orcs,x!!ob6,1,PortraitsHalfOrcs/L/x!!ob6L.bmp,PortraitsHalfOrcs/M_zoomed/x!!ob6M.bmp,x!!ob6L.bmp,x!!ob6M.bmp,bed8c91d2591f73a2d55ddffe5529444c49cc87b9dd7c61f0b26a2e6b86e9f73,55ad5ab1f281cb0bff3818372ebe01a289b045a465e63f44e692bddddc19b8bd
main,Half-Orcs,x!!ob8,1,PortraitsHalfOrcs/L/x!!ob8L.bmp,PortraitsHalfOrcs/M_zoomed/x!!ob8M.bmp,x!!ob8L.bmp,x!!ob8M.bmp,435e2c8900488f1a9ea66f74b1b26bca5678306b81315c3de3bbd1085e86f8e6,4148414583874042c761594ca9f90924939472def7e1aa33f67a4ca864805cac
main,Half-Orcs,x!!oba,1,PortraitsHalfOrcs/L/x!!obaL.bmp,PortraitsHalfOrcs/M_zoomed/x!!obaM.bmp,x!!obaL.bmp,x!!obaM.bmp,18700801609609d5574a15c3310e4347cf44cf8223232855f792d2a88b4420e7,33b48a8bf4e232130c437bdf2a1499ed122392fdf949e4f956d69052106ac001
main,Half-Orcs,x!!oc0,1,PortraitsHalfOrcs/L/x!!oc0L.bmp,PortraitsHalfOrcs/M_zoomed/x!!oc0M.bmp,x!!oc0L.bmp,x!!oc0M.bmp,dcc664078c8684c74ed045019b31f4cb8adca55bc9796f67c8f3eba7904ae5bd,55ad2fc3a0db31e5b0a1935ceb6c3dd032a5a4cd13a350563ea612e330c3c678
main,Half-Orcs,x!!oc2,1,PortraitsHalfOrcs/L/x!!oc2L.bmp,PortraitsHalfOrcs/M_zoomed/x!!oc2M.bmp,x!!oc2L.bmp,x!!oc2M.bmp,d5bfd21633bc239d9177533e9db9105b6f6750c3b0a8c6d003a3fcf6f28f69f7,8fa809bb51b7aee58de4068366bd77da279d64a34d13cecdf78bfb4be3c45ba0
main,Half-Orcs,x!!oc6,1,PortraitsHalfOrcs/L/x!!oc6L.bmp,PortraitsHalfOrcs/M_zoomed/x!!oc6M.bmp,x!!oc6L.bmp,x!!oc6M.bmp,1c613d251e439e07ead1f182a0bbee4ac842e36343d340b9f65d841f5d20825f,e5004b74e53acfb2833dc410412afb1ed93b6c8b40d81fb1ad33e3b24534ea6b
main,Half-Orcs,x!!ocg,1,PortraitsHalfOrcs/L/x!!ocgL.bmp,PortraitsHalfOrcs/M_zoomed/x!!ocgM.bmp,x!!ocgL.bmp,x!!ocgM.bmp,2b3f66d88a8bb83064075f6b7a25c158bf15299b30f698cdabfff95d7a719be5,a3240c045c7a81178b4c67babd7f6d2dd0c0c9580d24a76c10ce6cf018a3e4f1
main,Half-Orcs,x!#og0,2,PortraitsHalfOrcs/L/x!#og0L.bmp,PortraitsHalfOrcs/M_zoomed/x!#og0M.bmp,x!#og0L.bmp,x!#og0M.bmp,88be6544d23284bb6526a5d167a7c9bc9ac06346be4bae3ef7c4764ae18bfb62,e06dcc41ce09788e3547f3018d8e2db2a6974ea108116120c96428c7031b3d49
main,Half-Orcs,x!#og2,2,PortraitsHalfOrcs/L/x!#og2L.bmp,PortraitsHalfOrcs/M_zoomed/x!#og2M.bmp,x!#og2L.bmp,x!#og2M.bmp,d4054eeab3fc6908c1fe57c0c5df14a9f5a772f1d51cf1779947c9da750e8ff7,214c5c7643e6ab0352a65def10bc349bd11672acf38e4ef3efe5a18e44386af4
main,Half-Orcs,x!!om0,1,PortraitsHalfOrcs/L/x!!om0L.bmp,PortraitsHalfOrcs/M_zoomed/x!!om0M.bmp,x!!om0L.bmp,x!!om0M.bmp,76e0f64ae92337cb973b969394dc60517548db7af34cb8415fb28f18d4e3f13b,ecffb0750b8929e7ac210dc85f2762effb47d324a4bedc71a95425197302683e
main,Half-Orcs,x!#ot0,2,PortraitsHalfOrcs/L/x!#ot0L.bmp,PortraitsHalfOrcs/M_zoomed/x!#ot0M.bmp,x!#ot0L.bmp,x!#ot0M.bmp,805a1cf6ccdcfcba6e6b847f9e61c7198545511fe2274700a5b9a60a5be181b5,ce0bb42bdba82710dea11fef98f45f3a2d8dc964659a06f59a0bb16e95597e82
main,Half-Orcs,x!#ow2,2,PortraitsHalfOrcs/L/x!#ow2L.bmp,PortraitsHalfOrcs/M_zoomed/x!#ow2M.bmp,x!#ow2L.bmp,x!#ow2M.bmp,e30bbac8523ea1da376f87288a3b1c1e841f98772e9321e3bed2f606e33a7e93,edd98316c0669d0cfce5b76dec0188d3bb7026f035d9d86832e459d148c68ee8
main,Half-Orcs,x!#ow6,2,PortraitsHalfOrcs/L/x!#ow6L.bmp,PortraitsHalfOrcs/M_zoomed/x!#ow6M.bmp,x!#ow6L.bmp,x!#ow6M.bmp,87c837a39810297c592d3f86fb0511c2c2274c7da980e1a605a0c958f70646dd,d0e3705101e59bc1200d5738569b08cb8e83e8b3d0e0d29d4c6b3675f9be0614
main,Half-Orcs,x!!ow0,1,PortraitsHalfOrcs/L/x!!ow0L.bmp,PortraitsHalfOrcs/M_zoomed/x!!ow0M.bmp,x!!ow0L.bmp,x!!ow0M.bmp,59ef1e013d4ebe88b68e02d498453ca8c25511ef51b14bf91b190ce8bc3d60b7,ccef658755787ce88daa7966770d245ec8153959da586572f0eb8fb0703015cf
main,Half-Orcs,x!!ox0,1,PortraitsHalfOrcs/L/x!!ox0L.bmp,PortraitsHalfOrcs/M_zoomed/x!!ox0M.bmp,x!!ox0L.bmp,x!!ox0M.bmp,d9447d8dff986b5b611f3d145a84ae7d6536e18b61737b0b1344a8f9b22f77f8,ac04ae425f7caf49a89ee65114fce0bf450c23c2a37b167153510b49e3bfd833
bg,Baldur's Gate,x!m_1c0,1,iwdee_portraits_characters_bg/L/x!m_1c0L.bmp,iwdee_portraits_characters_bg/M_zoomed/x!m_1c0M.bmp,x!m_1c0L.bmp,x!m_1c0M.bmp,c5bac3ac05a02d53466a9d93327df3a3368533977a661691b94b0f289a419cce,316ab33e0d5ea1022487e8a238d4d153a5d50b3c8393ead55538a027d2bf4820
bg,Baldur's Gate,x!m_1c2,1,iwdee_portraits_characters_bg/L/x!m_1c2L.bmp,iwdee_portraits_characters_bg/M_zoomed/x!m_1c2M.bmp,x!m_1c2L.bmp,x!m_1c2M.bmp,b7feb8ccb08029c54ae18890092f8cd3356582ffdc590d5a4fbb04a0bc632d18,d7913936c2f0628d7a933e9c9856b03ee9e27b5560f77db43c8e90725cb11061
bg,Baldur's Gate,x!m_1e0,1,iwdee_portraits_characters_bg/L/x!m_1e0L.bmp,iwdee_portraits_characters_bg/M_zoomed/x!m_1e0M.bmp,x!m_1e0L.bmp,x!m_1e0M.bmp,5ea61cd9cd5bd577369b5f3f5b32e6e2b2d077547da1e504046bad76f576bf28,eae06ee41ebddb5d0d91ac801ab12d05baaf152eff47ca65b1bfa910f6c3f03a
bg,Baldur's Gate,x!m_1e2,1,iwdee_portraits_characters_bg/L/x!m_1e2L.bmp,iwdee_portraits_characters_bg/M_zoomed/x!m_1e2M.bmp,x!m_1e2L.bmp,x!m_1e2M.bmp,b0306a87c636ec5ddc87083deca140566e9a0302b1a5a157232b3ff0ba7d4d09,7a8a30af2df70d7ed19739fe772190a82671af119ec597796d39cbf6d4d48199
bg,Baldur's Gate,x!m_1e8,1,iwdee_portraits_characters_bg/L/x!m_1e8L.bmp,iwdee_portraits_characters_bg/M_zoomed/x!m_1e8M.bmp,x!m_1e8L.bmp,x!m_1e8M.bmp,ed176e088b4e0cca92f0b307efb56fd7bc42bb0dfcd308d4815a99590f6afdf9,77bbf66d1233c9f58d5c719869ea1db8db269dcbace5c92f2eb5013883b22672
bg,Baldur's Gate,x!m_1ea,1,iwdee_portraits_characters_bg/L/x!m_1eaL.bmp,iwdee_portraits_characters_bg/M_zoomed/x!m_1eaM.bmp,x!m_1eaL.bmp,x!m_1eaM.bmp,2a1a203c42b9ef06012910778ef27ec54621834c11102d7b4c969ed4b76d0678,315d10c1a55e9198ce6f215b556070a70ffe2803efa245f48909de7d74dd0251
bg,Baldur's Gate,x!f_1i0,2,iwdee_portraits_characters_bg/L/x!f_1i0L.bmp,iwdee_portraits_characters_bg/M_zoomed/x!f_1i0M.bmp,x!f_1i0L.bmp,x!f_1i0M.bmp,2a470b6dab662fb6a2a36067cfed534301c2ba6f299e3af24581fb310e2528a5,3bcb250d82770a8f74c03616118b677300d52c01279357ac78ba66ccbfb1f305
bg,Baldur's Gate,x!f_1i2,2,iwdee_portraits_characters_bg/L/x!f_1i2L.bmp,iwdee_portraits_characters_bg/M_zoomed/x!f_1i2M.bmp,x!f_1i2L.bmp,x!f_1i2M.bmp,bbf802a5eba380d424c69a8b5ede9ec735907fafd003ea88e6243c7cc5563829,1136ee0406ddd007785fbbf80b62307d358d894bb044cd81addf8a4ce15d717b
bg,Baldur's Gate,x!f_1i6,2,iwdee_portraits_characters_bg/L/x!f_1i6L.bmp,iwdee_portraits_characters_bg/M_zoomed/x!f_1i6M.bmp,x!f_1i6L.bmp,x!f_1i6M.bmp,1ae3a60df8b11c9b56aa2fd9e38a754a50cbceca9d7b3ea49d9fe66f0b570d13,e1d10ec6686d69cf6385de4d6c2d2edf3455049331fcabbe07ebc56586f1fe2d
bg,Baldur's Gate,x!f_1i8,2,iwdee_portraits_characters_bg/L/x!f_1i8L.bmp,iwdee_portraits_characters_bg/M_zoomed/x!f_1i8M.bmp,x!f_1i8L.bmp,x!f_1i8M.bmp,bd0b4d238ccf2eaeada4c5bc84285e885804d6ce94669e1e0dde093a9105697f,ae63c0cfcb18ef05214a1cbcaa18f4f6c12fb8414d27a74f06f0a2e4b20c885c
bg,Baldur's Gate,x!f_1j0,2,iwdee_portraits_characters_bg/L/x!f_1j0L.bmp,iwdee_portraits_characters_bg/M_zoomed/x!f_1j0M.bmp,x!f_1j0L.bmp,x!f_1j0M.bmp,9eddae17cef58d3db5ccbda23b096e99f1c0fc871353eb34070e5e97ed80f0c8,738c1ba5a1f06ae98da21c92f35c4219ad6b3f27439f506f255475bf63a5f711
bg,Baldur's Gate,x!f_1j2,2,iwdee_portraits_characters_bg/L/x!f_1j2L.bmp,iwdee_portraits_characters_bg/M_zoomed/x!f_1j2M.bmp,x!f_1j2L.bmp,x!f_1j2M.bmp,9dea96b2a0bf8b229146f7da94dd0a3d55f827f53924bcf7583885b8ce2c9893,e8d8a32a83d70d1e8fb36ee56b413a149054506c7da15e7dbb64858b1462fe6c
bg,Baldur's Gate,x!f_1j4,2,iwdee_portraits_characters_bg/L/x!f_1j4L.bmp,iwdee_portraits_characters_bg/M_zoomed/x!f_1j4M.bmp,x!f_1j4L.bmp,x!f_1j4M.bmp,f3a32558637b106940a8b5a1c20b7c8cbe8eae908f06acbd6e4560802bb0ae47,4b13fadfbcb8373a425699034369234431e63c9434f8005040d325b57cb50f1e
bg,Baldur's Gate,x!m_1i0,1,iwdee_portraits_characters_bg/L/x!m_1i0L.bmp,iwdee_portraits_characters_bg/M_zoomed/x!m_1i0M.bmp,x!m_1i0L.bmp,x!m_1i0M.bmp,62a09d8b73739734cf7d292efe9c8aebdf719e880382a270678ccdbec9cfd5f2,2cc795e16eb20eec85b0bbf8a474e8b1651cfcc80c2fc24ead736be32d04157e
bg,Baldur's Gate,x!m_1i2,1,iwdee_portraits_characters_bg/L/x!m_1i2L.bmp,iwdee_portraits_characters_bg/M_zoomed/x!m_1i2M.bmp,x!m_1i2L.bmp,x!m_1i2M.bmp,e267e64f6738db35946e0e6895152fe23d543a156b1d9488c20ff38faefca476,d71bfd49613f6d860b6ee9a55e627b805d92f8b3680234bb3eb820af6d592ec8
bg,Baldur's Gate,x!m_1i4,1,iwdee_portraits_characters_bg/L/x!m_1i4L.bmp,iwdee_portraits_characters_bg/M_zoomed/x!m_1i4M.bmp,x!m_1i4L.bmp,x!m_1i4M.bmp,8000d7e5ceb6aedbebc4ee41803e1a4d9cf8cfbb918ed10b2e0ed9395504b813,637af7dfa0a78baad0b392bfcc168f6c64a393b739b1fe7f398a002610a03591
bg,Baldur's Gate,x!m_1m0,1,iwdee_portraits_characters_bg/L/x!m_1m0L.bmp,iwdee_portraits_characters_bg/M_zoomed/x!m_1m0M.bmp,x!m_1m0L.bmp,x!m_1m0M.bmp,eb039599748b825f648ee9622da8f5c8cda0c0d7b6beb9afd6d9186a89f8d711,e6a9899d292cac2c84640bd283214cbb6401f5fb3d8ce318a8a59cbbf4942f73
bg,Baldur's Gate,x!m_1m2,1,iwdee_portraits_characters_bg/L/x!m_1m2L.bmp,iwdee_portraits_characters_bg/M_zoomed/x!m_1m2M.bmp,x!m_1m2L.bmp,x!m_1m2M.bmp,6537b4d7d85ed2f95eb3b01836c1726f73959721dc4494e3e265ae55a689e0b4,a1481ad11647bd240b9688d1c21cb3fc055111c2e7b6f133f8c5b16cc0fa141b
bg,Baldur's Gate,x!m_1m6,1,iwdee_portraits_characters_bg/L/x!m_1m6L.bmp,iwdee_portraits_characters_bg/M_zoomed/x!m_1m6M.bmp,x!m_1m6L.bmp,x!m_1m6M.bmp,d13ee10b8b79e22e363fbd407f5b6dbb2a9052eb91e379fb0bf19f143fdc04bc,510f2bd3cc5f1ba0bad7ec4670bae1212bafaa876e91c0610d18163601ef6edd
bg,Baldur's Gate,x!f_1v0,2,iwdee_portraits_characters_bg/L/x!f_1v0L.bmp,iwdee_portraits_characters_bg/M_zoomed/x!f_1v0M.bmp,x!f_1v0L.bmp,x!f_1v0M.bmp,4c3d8dde23950fdf30359a0c02f54429b520e4f15ffea7d5a2c3d92ff1115b4b,8672af7e4bbdce1a0d464b5ce86f53dcd2419186f497ba74a94d7a8d6568d899
bg,Baldur's Gate,x!f_1v2,2,iwdee_portraits_characters_bg/L/x!f_1v2L.bmp,iwdee_portraits_characters_bg/M_zoomed/x!f_1v2M.bmp,x!f_1v2L.bmp,x!f_1v2M.bmp,dd8908a10fb09d118a4b426d24af17b79ff93f133278736063e91b65ceae9444,71c062c553e2552ec180120f509b7b9c10f1abb93cc04f9c2e63b012bb0e7ce2
bg,Baldur's Gate,x!f_1v4,2,iwdee_portraits_characters_bg/L/x!f_1v4L.bmp,iwdee_portraits_characters_bg/M_zoomed/x!f_1v4M.bmp,x!f_1v4L.bmp,x!f_1v4M.bmp,79970f0bc98ab44ea6ef74e7a255eb3bebe26bd082654c5c0b7ef8297cda2386,a7b54e4e646bed0f571ccb78f1ec5f3ca0c270315e1cf618bac2ea0a5d3d8529
bg,Baldur's Gate,x!f_1v6,2,iwdee_portraits_characters_bg/L/x!f_1v6L.bmp,iwdee_portraits_characters_bg/M_zoomed/x!f_1v6M.bmp,x!f_1v6L.bmp,x!f_1v6M.bmp,7a9e4a39d56e616c0466ac2f6c951d06773fff84d3c623406af36a975ef84cc8,75e3e2c0e075991ed97c0fd5e25df2b2a90f8fbb890d0a7c8d3c2ce86593c93f
bg,Baldur's Gate,x!m_1x0,1,iwdee_portraits_characters_bg/L/x!m_1x0L.bmp,iwdee_portraits_characters_bg/M_zoomed/x!m_1x0M.bmp,x!m_1x0L.bmp,x!m_1x0M.bmp,b8adebd477d658b6c78ef9427749a7155a60d572b6720494bf53bc641cb168d6,cb3420220a47618837caaeca796bb73a97c073502eb1e58db221ca9df9471568
bg,Baldur's Gate,x!m_1x2,1,iwdee_portraits_characters_bg/L/x!m_1x2L.bmp,iwdee_portraits_characters_bg/M_zoomed/x!m_1x2M.bmp,x!m_1x2L.bmp,x!m_1x2M.bmp,1c7089838220d73d230ae69aa022ff0bf8bba70400f3fc0f23bd37225ce56810,6270f6aa5c5cfbd439a4371ac52871818b1797fab81238748beb2ba2a1beb972
bg,Baldur's Gate,x!m_1x4,1,iwdee_portraits_characters_bg/L/x!m_1x4L.bmp,iwdee_portraits_characters_bg/M_zoomed/x!m_1x4M.bmp,x!m_1x4L.bmp,x!m_1x4M.bmp,164cfc174389a176a2325d2957703e5ecc37b0530ead9ccc058338a9f3d5a802,599decb0016d7b3b974e609afa2ffd05b3ca4c956db46e4b564afd32cf8c4d45
bg,Baldur's Gate,x!m_1x6,1,iwdee_portraits_characters_bg/L/x!m_1x6L.bmp,iwdee_portraits_characters_bg/M_zoomed/x!m_1x6M.bmp,x!m_1x6L.bmp,x!m_1x6M.bmp,06dfb7417561ad764a8089769e7a879a6be3c6c5c998dc97b20111730f4cd08c,f66035ee41798c3bc562eeb5d830bedf1764ec581d151a01e00953c8c0cfd9f1
bg,Baldur's Gate,x!m_2a0,1,iwdee_portraits_characters_bg/L/x!m_2a0L.bmp,iwdee_portraits_characters_bg/M_zoomed/x!m_2a0M.bmp,x!m_2a0L.bmp,x!m_2a0M.bmp,d4b0b8ed7346ba23fd4b041baa3d6ff049b77388db54facb3159753f7430bcd5,ca7cc37ac83db3460164a56aa20c5581c15f6b772be3aa4c60e86a64ec6fcc8f
bg,Baldur's Gate,x!m_2i0,1,iwdee_portraits_characters_bg/L/x!m_2i0L.bmp,iwdee_portraits_characters_bg/M_zoomed/x!m_2i0M.bmp,x!m_2i0L.bmp,x!m_2i0M.bmp,41d5250eb27d185763d34bacd05cd481fecbb2ee78ed656f473aa187351d9a26,1a18eccf337a8dad7b9524ed7c996913b4fd4c4ebc60946750f80ef57ba13860
bg,Baldur's Gate,x!m_2k0,1,iwdee_portraits_characters_bg/L/x!m_2k0L.bmp,iwdee_portraits_characters_bg/M_zoomed/x!m_2k0M.bmp,x!m_2k0L.bmp,x!m_2k0M.bmp,2b8430fe78835ca9eacb72fcc331ced99edd16e2eafeb94340b1ee3e0b557368,5aaee615bbb446d0b9e0f6d4d572aec320e1a8991d4fcbb594afad6d72f75ddf
bg,Baldur's Gate,x!m_2k2,1,iwdee_portraits_characters_bg/L/x!m_2k2L.bmp,iwdee_portraits_characters_bg/M_zoomed/x!m_2k2M.bmp,x!m_2k2L.bmp,x!m_2k2M.bmp,dba3a1941023e0ff19f84d534937bf7cc7a7180dcf4d1774170f8a2f01808565,7113609f68b0edaf25c16c8a8dacae621181a57bdbe078ff9425dfdd35155ff5
bg,Baldur's Gate,x!f_2n0,2,iwdee_portraits_characters_bg/L/x!f_2n0L.bmp,iwdee_portraits_characters_bg/M_zoomed/x!f_2n0M.bmp,x!f_2n0L.bmp,x!f_2n0M.bmp,ce31579fcc7b41aa5e6f3f2160ce732eafdead33e47c1e459a9dfd370e46e4b9,dce77f75f9e0e420ba19994ed0e27b142aaa2a0b9e28443f81390cf1417488a0
bg,Baldur's Gate,x!f_2n2,2,iwdee_portraits_characters_bg/L/x!f_2n2L.bmp,iwdee_portraits_characters_bg/M_zoomed/x!f_2n2M.bmp,x!f_2n2L.bmp,x!f_2n2M.bmp,a233fa66754d767d4620557f49c01813619a9f14544ca4b2ce596be00c082fdc,7fa3108ab8dd6deb12c5609464137f9f12e0815252a82ed2090bdd620cef003f
bg,Baldur's Gate,x!f_bn0,2,iwdee_portraits_characters_bg/L/x!f_bn0L.bmp,iwdee_portraits_characters_bg/M_zoomed/x!f_bn0M.bmp,x!f_bn0L.bmp,x!f_bn0M.bmp,468b5d8b12d762f4eef6642b2fec83713854290b3b8dd21a41e0494f8dbcd210,10f198ff3bbc518f2ad2344808e22ded311ed0770cc58065a2b8aa7cd26a965f
bg,Baldur's Gate,x!f_bn2,2,iwdee_portraits_characters_bg/L/x!f_bn2L.bmp,iwdee_portraits_characters_bg/M_zoomed/x!f_bn2M.bmp,x!f_bn2L.bmp,x!f_bn2M.bmp,888d0c9f6eeae7c026e779fae78c4121201624a73a6e0f5e7387bd0e0264381b,c996f74c053d4748761e4b6fe50628ccd8519dcbc04f0eb85823c2932fb6070c
bg,Baldur's Gate,x!m_br0,1,iwdee_portraits_characters_bg/L/x!m_br0L.bmp,iwdee_portraits_characters_bg/M_zoomed/x!m_br0M.bmp,x!m_br0L.bmp,x!m_br0M.bmp,7938c2be93940a2e152f5b3c4ed9a17ab8f4eb4367ac34aa7c080b1ad329db44,852b229b41b414f12cc959ef4bf3501c58cf87fdf0344dc1f05e5a3b10568d88
pst,Planescape: Torment,x!f_ta0,2,iwdee_portraits_characters_pst/l/x!f_ta0l.bmp,iwdee_portraits_characters_pst/m_zoomed/x!f_ta0m.bmp,x!f_ta0L.bmp,x!f_ta0M.bmp,e7d966687347b944d372546e3e6eb3b83c7942070ccf0e974aaa6ed716b4686e,777755af144c31b4b1c9109ab4bec5024d0b16c82e220a2c11e264fbf596d1d1
pst,Planescape: Torment,x!f_ta2,2,iwdee_portraits_characters_pst/l/x!f_ta2l.bmp,iwdee_portraits_characters_pst/m_zoomed/x!f_ta2m.bmp,x!f_ta2L.bmp,x!f_ta2M.bmp,33a2c45b8c1624023dc502cb83269f894e8a71423f0896f34ac36b73516b62d0,db37071859f676b8806ce787fcb1f2b01dfce6b03c81d86c22587e954e648be5
pst,Planescape: Torment,x!f_ta4,2,iwdee_portraits_characters_pst/l/x!f_ta4l.bmp,iwdee_portraits_characters_pst/m_zoomed/x!f_ta4m.bmp,x!f_ta4L.bmp,x!f_ta4M.bmp,403fe3a1f7da19712745bb320f125d8f5fdac32ce1e5c5853714d1a7fd9694d9,9b34a66d7525423c2c83f9b6b119922cb2e3e8138410b518197ec10998291951
pst,Planescape: Torment,x!f_ta6,2,iwdee_portraits_characters_pst/l/x!f_ta6l.bmp,iwdee_portraits_characters_pst/m_zoomed/x!f_ta6m.bmp,x!f_ta6L.bmp,x!f_ta6M.bmp,b51996f09800506eef925a5858a1621ea2dd6c06850c8714f75005c6db38e2c1,81face1a8c7d793dfe39dc0e828c5124f2eb2dbbf68c31b477edf6c17f4de638
pst,Planescape: Torment,x!f_td0,2,iwdee_portraits_characters_pst/l/x!f_td0l.bmp,iwdee_portraits_characters_pst/m_zoomed/x!f_td0m.bmp,x!f_td0L.bmp,x!f_td0M.bmp,e394cc6efecad8ad02c0d27a007ab34fb00080a87d97a0a12d9f98d62f06807a,a7b7bd072163d2117b3282fb1530bf9da798caf9708125f19464a0b8411b939b
pst,Planescape: Torment,x!f_td2,2,iwdee_portraits_characters_pst/l/x!f_td2l.bmp,iwdee_portraits_characters_pst/m_zoomed/x!f_td2m.bmp,x!f_td2L.bmp,x!f_td2M.bmp,30ce274f847debcdc659045da7c561732400cd54198e8fad104941c3d5341b4d,ab487fbe181fd5c6707fc22cbd363836582fbb261c8df10e8925cd216a80630d
pst,Planescape: Torment,x!f_td4,2,iwdee_portraits_characters_pst/l/x!f_td4l.bmp,iwdee_portraits_characters_pst/m_zoomed/x!f_td4m.bmp,x!f_td4L.bmp,x!f_td4M.bmp,4ae216faa4e6874b9e0940d4ce3e384242a48644ecb518bbb610e7bc3589b7e2,e0ab990d44650558ac7ec520c7a7e0d8ca6db05e6f58e4ece8ab3a8a451a3e56
pst,Planescape: Torment,x!f_td6,2,iwdee_portraits_characters_pst/l/x!f_td6l.bmp,iwdee_portraits_characters_pst/m_zoomed/x!f_td6m.bmp,x!f_td6L.bmp,x!f_td6M.bmp,a9d2cdd0172d7ec3393010019374a5c5f9b91c96e2e03872bbc1e5edc652c0d1,bf5ffc7ff81202eccfac297d23e223d363eaafeb1b2c0372ed85d79070484e4d
pst,Planescape: Torment,x!f_tf0,2,iwdee_portraits_characters_pst/l/x!f_tf0l.bmp,iwdee_portraits_characters_pst/m_zoomed/x!f_tf0m.bmp,x!f_tf0L.bmp,x!f_tf0M.bmp,b9652d6677b12946fb1a28b1fe9ff0f6c410c531c36afce31013a1d596b4e61a,130acb04cedddfba8dac00a05e15c18e1b97e8bf22e06ff6a1b772c759dec853
pst,Planescape: Torment,x!f_tf2,2,iwdee_portraits_characters_pst/l/x!f_tf2l.bmp,iwdee_portraits_characters_pst/m_zoomed/x!f_tf2m.bmp,x!f_tf2L.bmp,x!f_tf2M.bmp,6ba9536a3675c9aafba9da6586dd023f0811c2374014bc03882ffd526de9b56a,9d8d91bccffa9a33624eb676edb68fe2b8bd7412acddbd64e05f61304fba7c78
pst,Planescape: Torment,x!f_tf4,2,iwdee_portraits_characters_pst/l/x!f_tf4l.bmp,iwdee_portraits_characters_pst/m_zoomed/x!f_tf4m.bmp,x!f_tf4L.bmp,x!f_tf4M.bmp,424ad008a2f50ab1dbb3c9ea1f69d68246bd3ebab577005267891a6bfb04ad9f,51e0ff7f4c53bb0f5d492d5135ee1ee74bbf1bd436ca135f105437013a145759
pst,Planescape: Torment,x!f_tf6,2,iwdee_portraits_characters_pst/l/x!f_tf6l.bmp,iwdee_portraits_characters_pst/m_zoomed/x!f_tf6m.bmp,x!f_tf6L.bmp,x!f_tf6M.bmp,85cf617fa717bc000bd86ebd2db1871492b7e7e5899fe89115c5b9aa20a0ed64,424b47de524ee7ea46f40ff84e6d3783514914189cf664bf38bf29924536dbfd
pst,Planescape: Torment,x!m_td0,1,iwdee_portraits_characters_pst/l/x!m_td0l.bmp,iwdee_portraits_characters_pst/m_zoomed/x!m_td0m.bmp,x!m_td0L.bmp,x!m_td0M.bmp,7b80cec11cbac4e6e9e42b9796263eb2c793ced35279d8193fc53f85cc2cde16,b46cad3aeea8ed9a56878cf59c8243006157cda2ad23d201c29c029d54808902
pst,Planescape: Torment,x!m_td2,1,iwdee_portraits_characters_pst/l/x!m_td2l.bmp,iwdee_portraits_characters_pst/m_zoomed/x!m_td2m.bmp,x!m_td2L.bmp,x!m_td2M.bmp,04d10a1cf078d582e06c0673cc080fdb1970249fd304dfdd6b30f66eadb28649,c001f9b92ebab8db741a3598985cb4181b40795504fe5c5bac802285b0804265
pst,Planescape: Torment,x!m_ti0,1,iwdee_portraits_characters_pst/l/x!m_ti0l.bmp,iwdee_portraits_characters_pst/m_zoomed/x!m_ti0m.bmp,x!m_ti0L.bmp,x!m_ti0M.bmp,13acc5131c31021e41fab21e31f3a95016e4c9eca4d14c726ce0b6b862678ea2,9d5904c967f3c283a05dfe8c7cd0789efbafe703f9fb33b23406ff444673bc39
pst,Planescape: Torment,x!m_tm0,1,iwdee_portraits_characters_pst/l/x!m_tm0l.bmp,iwdee_portraits_characters_pst/m_zoomed/x!m_tm0m.bmp,x!m_tm0L.bmp,x!m_tm0M.bmp,5143277ce958da1b714aa025cfb2e8b73c565dc6f585db67dad7a54b85a0c658,4ff81fe78d24137e0c1e39a4dbe66e114433f4c58b15554f0814071953b692b8
pst,Planescape: Torment,x!m_tm2,1,iwdee_portraits_characters_pst/l/x!m_tm2l.bmp,iwdee_portraits_characters_pst/m_zoomed/x!m_tm2m.bmp,x!m_tm2L.bmp,x!m_tm2M.bmp,5d5af92a6cb0cc085daf4c673ddc6586204bbef1ae7544685075e11e4980104d,d9db37d9b2a46cb46146bb34a1d1301542f1102de1a28aa0dc6cce08039b592f
pst,Planescape: Torment,x!m_tn0,1,iwdee_portraits_characters_pst/l/x!m_tn0l.bmp,iwdee_portraits_characters_pst/m_zoomed/x!m_tn0m.bmp,x!m_tn0L.bmp,x!m_tn0M.bmp,aedc43861d38f028c2aa3611921f4c61509a56d8e5a9392551717b56dd76d2bc,2552e3c9a9b1a6d01fbe4db4b02e4f1b9fa25648a606ddf528f1e239795680c4
pst,Planescape: Torment,x!m_tt0,1,iwdee_portraits_characters_pst/l/x!m_tt0l.bmp,iwdee_portraits_characters_pst/m_zoomed/x!m_tt0m.bmp,x!m_tt0L.bmp,x!m_tt0M.bmp,12348c071dc583fbde226ce54f52f50655d10cbed9ae35d3f5a627a0ba3b0bd3,e801c896f9f58c17d9c82c5ae1a5f5efbe79a85c72550dfafe80f88dc5a47a8c
pst,Planescape: Torment,x!m_tt2,1,iwdee_portraits_characters_pst/l/x!m_tt2l.bmp,iwdee_portraits_characters_pst/m_zoomed/x!m_tt2m.bmp,x!m_tt2L.bmp,x!m_tt2M.bmp,4fb2a51f93ae1eab416a873feeb42ad884287d1850e8cffdd0b780d30f7dc87f,b18e3472dc62c1dc72d50fb4e4198c46b148e07c6d8848783c5f844372a2903a
pst,Planescape: Torment,x!m_tt6,1,iwdee_portraits_characters_pst/l/x!m_tt6l.bmp,iwdee_portraits_characters_pst/m_zoomed/x!m_tt6m.bmp,x!m_tt6L.bmp,x!m_tt6M.bmp,3994af7d80c96ac03d5bcd531c934cc02654f27b536f837f681097eb01a08207,a7a543148edc8485cabd97e8f792f3c46fe58990d322b6a5e4199891f0a329d1
pst,Planescape: Torment,x!m_tt8,1,iwdee_portraits_characters_pst/l/x!m_tt8l.bmp,iwdee_portraits_characters_pst/m_zoomed/x!m_tt8m.bmp,x!m_tt8L.bmp,x!m_tt8M.bmp,6494ffbb3e96903c32a5e45b83fee0cc930e0e59372fdfef8644349d87c932e4,29ce18ac04ef20ddc23bf5c328dff981112e455cc02fa7447cc576e6614759f1
pst,Planescape: Torment,x!m_tv0,1,iwdee_portraits_characters_pst/l/x!m_tv0l.bmp,iwdee_portraits_characters_pst/m_zoomed/x!m_tv0m.bmp,x!m_tv0L.bmp,x!m_tv0M.bmp,62512d51551ce8e7382d0da38e84e9a9bc1c32ac43d7946f51d3f2ed5837cb0e,ca2d7a593390587cdaac5c37d074a3b33337353aae7a461da84ebab5cec7a66e
pst,Planescape: Torment,x!m_tv2,1,iwdee_portraits_characters_pst/l/x!m_tv2l.bmp,iwdee_portraits_characters_pst/m_zoomed/x!m_tv2m.bmp,x!m_tv2L.bmp,x!m_tv2M.bmp,401c2a0f64a1be4eb9080667f67e35a7f220cdeb7b5cc742bd9a2ac7efdd7bba,1763a4baf28470a2cbb32193ea80bc200e9938ead1921c9681cbb1eb86c493b7
iwd2,Icewind Dale II,2FHUM1_,2,PortraitsFromIWD2/L/2FHUM1_L.bmp,PortraitsFromIWD2/M_zoomed/2FHUM1_M.bmp,2FHUM1_L.bmp,2FHUM1_M.bmp,6726232fe41cf228de1c02b3008dca3d85d862115f43d779c9272ee0026e8570,408e3cced1700bf9aeb83d0a4448755bb54f802aa790206689d5d5d81b5cc647
iwd2,Icewind Dale II,2FHUM2_,2,PortraitsFromIWD2/L/2FHUM2_L.bmp,PortraitsFromIWD2/M_zoomed/2FHUM2_M.bmp,2FHUM2_L.bmp,2FHUM2_M.bmp,4085e237fa91c3e5a43969f3765e08bef83ed87a113a8c40c291ae82cb26d47c,03d840424f3a2fb28cd21b878fa9c384aaf25ac3005e85316e9a9af30b58ccaf
iwd2,Icewind Dale II,2FHUM3_,2,PortraitsFromIWD2/L/2FHUM3_L.bmp,PortraitsFromIWD2/M_zoomed/2FHUM3_M.bmp,2FHUM3_L.bmp,2FHUM3_M.bmp,d47fbc55212107b103fef6b937242997fb69a19ea1c732b67c0e91333f73ec0c,b58060428363951137c26e96d066c7885bf00549eb823a7bf83c70263f6ede90
iwd2,Icewind Dale II,2MHUM2_,1,PortraitsFromIWD2/L/2MHUM2_L.bmp,PortraitsFromIWD2/M_zoomed/2MHUM2_M.bmp,2MHUM2_L.bmp,2MHUM2_M.bmp,0560de68d70410438974f6ab098b2d6005fc24db0a313b8cf0f1e7ea202b8344,686d2033101e97d15e7d8e3cd9609e68daa382011bc70dcd16f7bef1ab92c247
iwd2,Icewind Dale II,2MHUM3_,1,PortraitsFromIWD2/L/2MHUM3_L.bmp,PortraitsFromIWD2/M_zoomed/2MHUM3_M.bmp,2MHUM3_L.bmp,2MHUM3_M.bmp,21c464851aaa0966e313a0afe0ccab177c143d8edb0ed631a97479ecf2147f4f,f1f63eddb28cdda25d0d32d38bd3d1e85407059ee0ac6b4d89101e2ee342e815
iwd2,Icewind Dale II,2MHUM4_,1,PortraitsFromIWD2/L/2MHUM4_L.bmp,PortraitsFromIWD2/M_zoomed/2MHUM4_M.bmp,2MHUM4_L.bmp,2MHUM4_M.bmp,f40cb3d00694431abfed46f1a0a4ebe528f8b53c9acc35bc4e99a3fe764cadad,1340f4d7d5597aa4f86f262843d704ed8c73f41deb7bc3df3bc27f9486ecb80b
iwd2,Icewind Dale II,2MHUM5_,1,PortraitsFromIWD2/L/2MHUM5_L.bmp,PortraitsFromIWD2/M_zoomed/2MHUM5_M.bmp,2MHUM5_L.bmp,2MHUM5_M.bmp,fb7a3d37cb3150925af27a9a3259fc3485f9be63905a3db36893b9efeef6fa4e,073476a05482d420367982b5b37b298ac4bf5b513c226a913fb9728d743d5e79
iwd2,Icewind Dale II,2MHUM6_,1,PortraitsFromIWD2/L/2MHUM6_L.bmp,PortraitsFromIWD2/M_zoomed/2MHUM6_M.bmp,2MHUM6_L.bmp,2MHUM6_M.bmp,65f0c58a38fc2e74135014eb43a997f9c4cc340a10caae21962de7e0880b45b1,0f686400eec3348b18f889f917d6a90871e236e5bf6c5b657a28a8aece57daa9
iwd2,Icewind Dale II,2MHUM7_,1,PortraitsFromIWD2/L/2MHUM7_L.bmp,PortraitsFromIWD2/M_zoomed/2MHUM7_M.bmp,2MHUM7_L.bmp,2MHUM7_M.bmp,616c3bd5de35562db98b98d0f04a265d884ed7f522d2a6b682fe40fd371bd449,3cec995f673fbedbcf32646c728ae27d17a3124c67828cf7ad7eae5f301b3b2c
iwd2,Icewind Dale II,2MPAL1_,1,PortraitsFromIWD2/L/2MPAL1_L.bmp,PortraitsFromIWD2/M_zoomed/2MPAL1_M.bmp,2MPAL1_L.bmp,2MPAL1_M.bmp,1b3885b5bc1b3e662a1a42c4d8afb5e4df73f39f523581da7a0ee102ab5d0c10,749de5915a6c43cbce2b6e45c526985abe38446ba85131f03669cf1c3afae9c7
iwd2,Icewind Dale II,2MAAS1_,1,PortraitsFromIWD2/L/2MAAS1_L.bmp,PortraitsFromIWD2/M_zoomed/2MAAS1_M.bmp,2MAAS1_L.bmp,2MAAS1_M.bmp,169be185a9d8271a92c38cb52e4355586a79326c376210ed03c6bd2bdc04a060,5ce7393968ff61e9027e8ffa39a22317831be56c30065c7b79881a47c76f5826
iwd2,Icewind Dale II,2FTIF1_,2,PortraitsFromIWD2/L/2FTIF1_L.bmp,PortraitsFromIWD2/M_zoomed/2FTIF1_M.bmp,2FTIF1_L.bmp,2FTIF1_M.bmp,fb6a7db6f32019a64fd9bc954245a11d82d6d8914e680f21599ec055790ffa8b,dfa754c7a10e50b4bbfec0997b05afa380de9f2ac26cd76aa494cfe8030b05d3
iwd2,Icewind Dale II,2FELF1_,2,PortraitsFromIWD2/L/2FELF1_L.bmp,PortraitsFromIWD2/M_zoomed/2FELF1_M.bmp,2FELF1_L.bmp,2FELF1_M.bmp,d138fe3e63116f567c5ad448ea76c2592fdee0b478d49a13a670f3f3846e8caf,3b04718d99fd51ba4edd27d198283a1790348ac3d7fa8b9a71d5254407563db0
iwd2,Icewind Dale II,2FELF2_,2,PortraitsFromIWD2/L/2FELF2_L.bmp,PortraitsFromIWD2/M_zoomed/2FELF2_M.bmp,2FELF2_L.bmp,2FELF2_M.bmp,010a07f7a263f961df83785bd91b18e5c0e95e29052a871c7420667039c640cf,3b3956048d489a00533435ada53559ae99ce13fe62aea19de2ad1a14932292c8
iwd2,Icewind Dale II,2FELF3_,2,PortraitsFromIWD2/L/2FELF3_L.bmp,PortraitsFromIWD2/M_zoomed/2FELF3_M.bmp,2FELF3_L.bmp,2FELF3_M.bmp,8ca00fde7230ee465e1ced959085ed5c996a203fb5d2a8ba6110f5d09d2b6d90,66265e95e504eb131bbb6a60e5feb077994b93c010a3787b843e5af2e213a7f6
iwd2,Icewind Dale II,2MELF1_,1,PortraitsFromIWD2/L/2MELF1_L.bmp,PortraitsFromIWD2/M_zoomed/2MELF1_M.bmp,2MELF1_L.bmp,2MELF1_M.bmp,74feb90717096810affd6f14c4f637454df2dff2293dd19da93dfecb23c4f26b,c6e982b18605272144d8a83a054afa958975aee094b0e6ed3d1d1f2dc69043c8
iwd2,Icewind Dale II,2FDEF1_,2,PortraitsFromIWD2/L/2FDEF1_L.bmp,PortraitsFromIWD2/M_zoomed/2FDEF1_M.bmp,2FDEF1_L.bmp,2FDEF1_M.bmp,affc1d975d04c6253b131c9d2fa3b5912c972a19c408fded9f1f6c5fb4bf0a12,c326854c57814dc4ce388b76b689c7f757b1c529c03190c7a4bf1ad0ae542064
iwd2,Icewind Dale II,2MDEF1_,1,PortraitsFromIWD2/L/2MDEF1_L.bmp,PortraitsFromIWD2/M_zoomed/2MDEF1_M.bmp,2MDEF1_L.bmp,2MDEF1_M.bmp,b462afe07abb636e78436649b6a5159687777c2c5d4d397f206cdac155584f61,5ddb8242394977bcd88d169e576f1dbbcdb4bdd1736f01be019a5e67a3d501a2
iwd2,Icewind Dale II,2MDEF2_,1,PortraitsFromIWD2/L/2MDEF2_L.bmp,PortraitsFromIWD2/M_zoomed/2MDEF2_M.bmp,2MDEF2_L.bmp,2MDEF2_M.bmp,14a145cf5325233099de1162e4eb0a1abfe71a88b267378298cab8986b55d3b2,7051e41d9ff2d6c5bbfed2a722bce1ba7a8611f47f3d6135e3e9d541218520bc
iwd2,Icewind Dale II,2MDWF1_,1,PortraitsFromIWD2/L/2MDWF1_L.bmp,PortraitsFromIWD2/M_zoomed/2MDWF1_M.bmp,2MDWF1_L.bmp,2MDWF1_M.bmp,0982616059ef68a7c0e87900e9cab9055cf06883344dea0d1cf055f4882fa925,385435c3565d7a0e5ee61756e84cfc44050298dff242aebca369227d552986cf
iwd2,Icewind Dale II,2MDWF2_,1,PortraitsFromIWD2/L/2MDWF2_L.bmp,PortraitsFromIWD2/M_zoomed/2MDWF2_M.bmp,2MDWF2_L.bmp,2MDWF2_M.bmp,b52f4d1e8659ecd4f553b0ce039e98425cad4ef24812627824574627df53d78c,dd3120d4314bd24079e76ca3c3336f7c243ba3263320b791c3fec3a5d957ab45
iwd2,Icewind Dale II,2FGNM1_,2,PortraitsFromIWD2/L/2FGNM1_L.bmp,PortraitsFromIWD2/M_zoomed/2FGNM1_M.bmp,2FGNM1_L.bmp,2FGNM1_M.bmp,45eac0567d16bff4e9daea42ddae810921406d79d5046b7c7bf0a1355c3949d4,6a6f80884565bc4b6af271bafa866506ddabba81717df5a39c932e1b674cdb85
iwd2,Icewind Dale II,2MGNM1_,1,PortraitsFromIWD2/L/2MGNM1_L.bmp,PortraitsFromIWD2/M_zoomed/2MGNM1_M.bmp,2MGNM1_L.bmp,2MGNM1_M.bmp,3399474027d9de709c014a96f41e6c9daf5c5ef37ee979256e118d7da9d67528,b87bcba3002d1fbb4c4f071818236aa2ffc3c2a7f948585c61054f0029d54c79
iwd2,Icewind Dale II,2MHAF1_,1,PortraitsFromIWD2/L/2MHAF1_L.bmp,PortraitsFromIWD2/M_zoomed/2MHAF1_M.bmp,2MHAF1_L.bmp,2MHAF1_M.bmp,458f9769095e32e4bd1f7bd49c00726003bdd389a6830adc581acb2c98137a1a,df21d015808956c009d08f0cae76564c81bfb4f1701d9003fb59791e02698559
photoshopped,Portrait Variations photoshopped,x!eff_,2,iwd_portrait_variations/photoshopped/l/x!eff_l.bmp,iwd_portrait_variations/photoshopped/m_zoomed/x!eff_m.bmp,x!eff_L.bmp,x!eff_M.bmp,e44eb938867c756db47f01daeab9c308616bee8b3d8a4937d2c185d9d43fb37f,372645427f6b2f6b97b0d26ea2b698b96b7db271c05740b862b002c90a74122c
photoshopped,Portrait Variations photoshopped,x!hffb_,2,iwd_portrait_variations/photoshopped/l/x!hffb_l.bmp,iwd_portrait_variations/photoshopped/m_zoomed/x!hffb_m.bmp,x!hffb_L.bmp,x!hffb_M.bmp,e71db3b0608ab8932ab9eb8f46b69979e004ac61c44adc628636f0e9d9434a12,ed46fdf94241fc357638de9274356c59d924d540717bc9c85e8304bb067acd2b
photoshopped,Portrait Variations photoshopped,x!2mb1_,1,iwd_portrait_variations/photoshopped/l/x!2mb1_l.bmp,iwd_portrait_variations/photoshopped/m_zoomed/x!2mb1_m.bmp,x!2mb1_L.bmp,x!2mb1_M.bmp,58f0e6dd5bff9a98cb78954e67cccd048a97df38610a1674c7924c6f8831c8db,6595c07eaa5da06191ca591ded7cb72fe25d64fc9507a3f8e62a43ff2f321edd
photoshopped,Portrait Variations photoshopped,x!2mb1b,1,iwd_portrait_variations/photoshopped/l/x!2mb1bl.bmp,iwd_portrait_variations/photoshopped/m_zoomed/x!2mb1bm.bmp,x!2mb1bL.bmp,x!2mb1bM.bmp,48ae6b099241ab938c79690311c44b5c723327ac22863aec335a783bebec9b6c,0ee5f2fe4cba92bb4aed88bd4de7e658868cbb1ece74dda833920812c3a8e53e
photoshopped,Portrait Variations photoshopped,x!hefcb,2,iwd_portrait_variations/photoshopped/l/x!hefcbl.bmp,iwd_portrait_variations/photoshopped/m_zoomed/x!hefcbm.bmp,x!hefcbL.bmp,x!hefcbM.bmp,b39b17b44a648917358e4bc9d1f0aa6012ccaac26953620b7c959b18871b7c43,182ca338d39c3b0dfca6536d27a9bafa9cb85ceb3f86229bd649d848859e76bc
photoshopped,Portrait Variations photoshopped,x!hefcc,2,iwd_portrait_variations/photoshopped/l/x!hefccl.bmp,iwd_portrait_variations/photoshopped/m_zoomed/x!hefccm.bmp,x!hefccL.bmp,x!hefccM.bmp,e24598d8e372bb2cb5799c61588dd63202975cdd72c714b46ec73bbfd1f435c6,72c66a13c981619cb6332e37c853bd99043e1d2745938797551ac70afa38855c
photoshopped,Portrait Variations photoshopped,x!hefcd,2,iwd_portrait_variations/photoshopped/l/x!hefcdl.bmp,iwd_portrait_variations/photoshopped/m_zoomed/x!hefcdm.bmp,x!hefcdL.bmp,x!hefcdM.bmp,6110dd6dc3a2b2ba42c66c0a5c7c77c4b624ed1d79722955fbb95b0e3f4439e7,c637ebf2946890afe8c80dc96b5570bded66562a5c93537032515b732fd1fc1f
photoshopped,Portrait Variations photoshopped,x!hmc2_,1,iwd_portrait_variations/photoshopped/l/x!hmc2_l.bmp,iwd_portrait_variations/photoshopped/m_zoomed/x!hmc2_m.bmp,x!hmc2_L.bmp,x!hmc2_M.bmp,1d5bb520a886cc4e1dd475478aba8de8d953b917ff5310c8e7786bfc03218076,88cd334c28532c6cdf70816434e247b7c9570059cfb6ff15a9cee0704965cc48
photoshopped,Portrait Variations photoshopped,x!hfw3b,2,iwd_portrait_variations/photoshopped/l/x!hfw3bl.bmp,iwd_portrait_variations/photoshopped/m_zoomed/x!hfw3bm.bmp,x!hfw3bL.bmp,x!hfw3bM.bmp,8ac29fb8e30f55f74a0688974bd0da434124e3590a216a32e40235463b757177,4ef284dd910e4a1ea31dbb8c819316a2bcb4b710502d20ef1af24cece245a3b3
photoshopped,Portrait Variations photoshopped,x!gmtb_,1,iwd_portrait_variations/photoshopped/l/x!gmtb_l.bmp,iwd_portrait_variations/photoshopped/m_zoomed/x!gmtb_m.bmp,x!gmtb_L.bmp,x!gmtb_M.bmp,9e7877f624028519cf3c4973ce73f0b325cd9d713578e322047e4a3d95377f98,3f657e203775e9e6af2572afbcf83023e60e4d9be3d49d78277ea6f53be0a8fd
